year,latitude,longitude,province,territory,zone_name,area_ha,area_km2,percent_change,source_dataset,analysis_method,confidence_level,date_processed,habitat_zone,species_name,habitat_loss_ha,fragmentation_level,conservation_priority,threat_level,proximity_to_mining,proximity_to_logging
2000,1.5678554971873448,28.57524057303737,Ituri,Epulu,Okapi Wildlife Reserve,141.55,0,0,Hansen GFC / GFW / MODIS / VIIRS / GEDI / Sentinel-2,Parametric Change Detection & Spatial Clustering,0.96,2026-05-15,Core Reserve,Okapi,141.55,Medium,Very High,Endangered,3.84,8.86
2000,1.5871272027436503,28.572525847555895,Ituri,Mambasa,Okapi Wildlife Reserve,146.16,0,0,Hansen GFC / GFW / MODIS / VIIRS / GEDI / Sentinel-2,Parametric Change Detection & Spatial Clustering,0.85,2026-05-15,Core Reserve,Forest Elephant,146.16,High,Very High,Vulnerable,4.33,6.29
2000,1.601254300931986,28.58024184219015,Ituri,Epulu,Okapi Wildlife Reserve,144.29,0,0,Hansen GFC / GFW / MODIS / VIIRS / GEDI / Sentinel-2,Parametric Change Detection & Spatial Clustering,0.89,2026-05-15,Core Reserve,Chimpanzee,144.29,Low,Very High,Endangered,3.71,7.23
2000,1.5589576282831155,28.54084812598599,Ituri,Wamba,Okapi Wildlife Reserve,140.02,0,0,Hansen GFC / GFW / MODIS / VIIRS / GEDI / Sentinel-2,Parametric Change Detection & Spatial Clustering,0.85,2026-05-15,Core Reserve,Grauer's Gorilla,140.02,Medium,Very High,Critically Endangered,2.3,8.28
2001,1.6761725454307903,28.56553997134812,Ituri,Epulu,Okapi Wildlife Reserve,146.51,0,0,Hansen GFC / GFW / MODIS / VIIRS / GEDI / Sentinel-2,Parametric Change Detection & Spatial Clustering,0.88,2026-05-15,Core Reserve,Okapi,146.51,High,Very High,Critically Endangered,1.5,4.42
2001,1.6553408770424902,28.494245797325675,Ituri,Epulu,Okapi Wildlife Reserve,157.06,0,0,Hansen GFC / GFW / MODIS / VIIRS / GEDI / Sentinel-2,Parametric Change Detection & Spatial Clustering,0.93,2026-05-15,Core Reserve,Forest Elephant,157.06,Low,Very High,Critically Endangered,3.05,5.85
2001,1.6021308944424604,28.626519481690366,Ituri,Mambasa,Okapi Wildlife Reserve,120.03,0,0,Hansen GFC / GFW / MODIS / VIIRS / GEDI / Sentinel-2,Parametric Change Detection & Spatial Clustering,0.86,2026-05-15,Core Reserve,Chimpanzee,120.03,Low,Very High,Vulnerable,2.56,4.59
2001,1.58543624520271,28.531237290091187,Ituri,Epulu,Okapi Wildlife Reserve,120.17,0,0,Hansen GFC / GFW / MODIS / VIIRS / GEDI / Sentinel-2,Parametric Change Detection & Spatial Clustering,0.87,2026-05-15,Core Reserve,Grauer's Gorilla,120.17,High,Very High,Vulnerable,1.33,4.69
2002,1.6875439419463503,28.508333807965986,Ituri,Mambasa,Okapi Wildlife Reserve,161.95,0,0,Hansen GFC / GFW / MODIS / VIIRS / GEDI / Sentinel-2,Parametric Change Detection & Spatial Clustering,0.9,2026-05-15,Core Reserve,Okapi,161.95,High,Very High,Critically Endangered,2.03,7.68
2002,1.6201609661168417,28.556788832994858,Ituri,Wamba,Okapi Wildlife Reserve,141.03,0,0,Hansen GFC / GFW / MODIS / VIIRS / GEDI / Sentinel-2,Parametric Change Detection & Spatial Clustering,0.94,2026-05-15,Core Reserve,Forest Elephant,141.03,High,Very High,Critically Endangered,1.1,5.16
2002,1.6058032728771263,28.536661593359355,Ituri,Wamba,Okapi Wildlife Reserve,167.27,0,0,Hansen GFC / GFW / MODIS / VIIRS / GEDI / Sentinel-2,Parametric Change Detection & Spatial Clustering,0.92,2026-05-15,Core Reserve,Chimpanzee,167.27,Medium,Very High,Vulnerable,4.43,3.47
2002,1.6833497269560849,28.621705989218654,Ituri,Mambasa,Okapi Wildlife Reserve,169.12,0,0,Hansen GFC / GFW / MODIS / VIIRS / GEDI / Sentinel-2,Parametric Change Detection & Spatial Clustering,0.92,2026-05-15,Core Reserve,Grauer's Gorilla,169.12,Medium,Very High,Endangered,3.14,3.34
2003,1.7066233670858675,28.655793820689794,Ituri,Epulu,Okapi Wildlife Reserve,130.63,0,0,Hansen GFC / GFW / MODIS / VIIRS / GEDI / Sentinel-2,Parametric Change Detection & Spatial Clustering,0.97,2026-05-15,Core Reserve,Okapi,130.63,High,Very High,Critically Endangered,7.35,4.66
2003,1.6627879107573145,28.65257753019155,Ituri,Epulu,Okapi Wildlife Reserve,165.17,0,0,Hansen GFC / GFW / MODIS / VIIRS / GEDI / Sentinel-2,Parametric Change Detection & Spatial Clustering,0.9,2026-05-15,Core Reserve,Forest Elephant,165.17,Low,Very High,Endangered,1.44,6.33
2003,1.6941420721509721,28.53238343035151,Ituri,Wamba,Okapi Wildlife Reserve,176.59,0,0,Hansen GFC / GFW / MODIS / VIIRS / GEDI / Sentinel-2,Parametric Change Detection & Spatial Clustering,0.88,2026-05-15,Core Reserve,Chimpanzee,176.59,Medium,Very High,Critically Endangered,5.34,7.69
2003,1.6777099040361383,28.525290734192527,Ituri,Epulu,Okapi Wildlife Reserve,145.93,0,0,Hansen GFC / GFW / MODIS / VIIRS / GEDI / Sentinel-2,Parametric Change Detection & Spatial Clustering,0.86,2026-05-15,Core Reserve,Grauer's Gorilla,145.93,High,Very High,Vulnerable,6.35,5.87
2004,1.7002634313923297,28.647632334472988,Ituri,Mambasa,Okapi Wildlife Reserve,187.32,0,0,Hansen GFC / GFW / MODIS / VIIRS / GEDI / Sentinel-2,Parametric Change Detection & Spatial Clustering,0.89,2026-05-15,Core Reserve,Okapi,187.32,High,Very High,Vulnerable,9.35,4.79
2004,1.5358062459686734,28.608200537520087,Ituri,Wamba,Okapi Wildlife Reserve,171.9,0,0,Hansen GFC / GFW / MODIS / VIIRS / GEDI / Sentinel-2,Parametric Change Detection & Spatial Clustering,0.98,2026-05-15,Core Reserve,Forest Elephant,171.9,Medium,Very High,Vulnerable,8.2,5.81
2004,1.5402099949205554,28.614362801484564,Ituri,Wamba,Okapi Wildlife Reserve,146.37,0,0,Hansen GFC / GFW / MODIS / VIIRS / GEDI / Sentinel-2,Parametric Change Detection & Spatial Clustering,0.95,2026-05-15,Core Reserve,Chimpanzee,146.37,Low,Very High,Endangered,9.78,1.0
2004,1.56390188196408,28.626705617196528,Ituri,Mambasa,Okapi Wildlife Reserve,169.66,0,0,Hansen GFC / GFW / MODIS / VIIRS / GEDI / Sentinel-2,Parametric Change Detection & Spatial Clustering,0.93,2026-05-15,Core Reserve,Grauer's Gorilla,169.66,High,Very High,Critically Endangered,4.49,3.38
2005,1.550940518468663,28.644187019627182,Ituri,Epulu,Okapi Wildlife Reserve,193.27,0,0,Hansen GFC / GFW / MODIS / VIIRS / GEDI / Sentinel-2,Parametric Change Detection & Spatial Clustering,0.87,2026-05-15,Core Reserve,Okapi,193.27,High,Very High,Critically Endangered,3.2,7.04
2005,1.5932487840093537,28.62576227621539,Ituri,Mambasa,Okapi Wildlife Reserve,195.81,0,0,Hansen GFC / GFW / MODIS / VIIRS / GEDI / Sentinel-2,Parametric Change Detection & Spatial Clustering,0.9,2026-05-15,Core Reserve,Forest Elephant,195.81,Medium,Very High,Endangered,3.68,2.94
2005,1.5527870196539053,28.513201470906633,Ituri,Mambasa,Okapi Wildlife Reserve,162.45,0,0,Hansen GFC / GFW / MODIS / VIIRS / GEDI / Sentinel-2,Parametric Change Detection & Spatial Clustering,0.88,2026-05-15,Core Reserve,Chimpanzee,162.45,High,Very High,Endangered,4.99,1.47
2005,1.712064169757748,28.603443472866925,Ituri,Epulu,Okapi Wildlife Reserve,188.3,0,0,Hansen GFC / GFW / MODIS / VIIRS / GEDI / Sentinel-2,Parametric Change Detection & Spatial Clustering,0.97,2026-05-15,Core Reserve,Grauer's Gorilla,188.3,Medium,Very High,Vulnerable,2.73,2.03
2006,1.6879752958993937,28.633073543755618,Ituri,Mambasa,Okapi Wildlife Reserve,171.64,0,0,Hansen GFC / GFW / MODIS / VIIRS / GEDI / Sentinel-2,Parametric Change Detection & Spatial Clustering,0.87,2026-05-15,Core Reserve,Okapi,171.64,Low,Very High,Critically Endangered,4.08,8.29
2006,1.7214087983842452,28.49386778780535,Ituri,Wamba,Okapi Wildlife Reserve,208.13,0,0,Hansen GFC / GFW / MODIS / VIIRS / GEDI / Sentinel-2,Parametric Change Detection & Spatial Clustering,0.96,2026-05-15,Core Reserve,Forest Elephant,208.13,Medium,Very High,Vulnerable,4.79,5.6
2006,1.5599074119336422,28.599110070794914,Ituri,Wamba,Okapi Wildlife Reserve,196.87,0,0,Hansen GFC / GFW / MODIS / VIIRS / GEDI / Sentinel-2,Parametric Change Detection & Spatial Clustering,0.94,2026-05-15,Core Reserve,Chimpanzee,196.87,Low,Very High,Endangered,5.0,4.91
2006,1.5562233423589145,28.54026583122274,Ituri,Wamba,Okapi Wildlife Reserve,168.27,0,0,Hansen GFC / GFW / MODIS / VIIRS / GEDI / Sentinel-2,Parametric Change Detection & Spatial Clustering,0.92,2026-05-15,Core Reserve,Grauer's Gorilla,168.27,High,Very High,Endangered,3.32,8.57
2007,1.6531663227435356,28.573922422758464,Ituri,Wamba,Okapi Wildlife Reserve,185.43,0,0,Hansen GFC / GFW / MODIS / VIIRS / GEDI / Sentinel-2,Parametric Change Detection & Spatial Clustering,0.91,2026-05-15,Core Reserve,Okapi,185.43,Low,Very High,Endangered,9.09,6.73
2007,1.7304291305507826,28.497769164445753,Ituri,Mambasa,Okapi Wildlife Reserve,183.84,0,0,Hansen GFC / GFW / MODIS / VIIRS / GEDI / Sentinel-2,Parametric Change Detection & Spatial Clustering,0.91,2026-05-15,Core Reserve,Forest Elephant,183.84,Low,Very High,Endangered,4.86,8.77
2007,1.6412411268759233,28.531392656446858,Ituri,Wamba,Okapi Wildlife Reserve,177.49,0,0,Hansen GFC / GFW / MODIS / VIIRS / GEDI / Sentinel-2,Parametric Change Detection & Spatial Clustering,0.9,2026-05-15,Core Reserve,Chimpanzee,177.49,High,Very High,Vulnerable,5.6,8.69
2007,1.6249895664007827,28.662448094707802,Ituri,Wamba,Okapi Wildlife Reserve,200.82,0,0,Hansen GFC / GFW / MODIS / VIIRS / GEDI / Sentinel-2,Parametric Change Detection & Spatial Clustering,0.91,2026-05-15,Core Reserve,Grauer's Gorilla,200.82,Low,Very High,Endangered,6.06,5.4
2008,1.6595811626697121,28.676452104892892,Ituri,Epulu,Okapi Wildlife Reserve,182.04,0,0,Hansen GFC / GFW / MODIS / VIIRS / GEDI / Sentinel-2,Parametric Change Detection & Spatial Clustering,0.87,2026-05-15,Core Reserve,Okapi,182.04,Medium,Very High,Vulnerable,3.65,5.29
2008,1.675080309588584,28.558163728148326,Ituri,Wamba,Okapi Wildlife Reserve,184.77,0,0,Hansen GFC / GFW / MODIS / VIIRS / GEDI / Sentinel-2,Parametric Change Detection & Spatial Clustering,0.89,2026-05-15,Core Reserve,Forest Elephant,184.77,Medium,Very High,Vulnerable,7.63,2.22
2008,1.653283058202749,28.670419634443117,Ituri,Mambasa,Okapi Wildlife Reserve,229.44,0,0,Hansen GFC / GFW / MODIS / VIIRS / GEDI / Sentinel-2,Parametric Change Detection & Spatial Clustering,0.92,2026-05-15,Core Reserve,Chimpanzee,229.44,High,Very High,Endangered,7.41,4.36
2008,1.5373753419588287,28.612868980954115,Ituri,Mambasa,Okapi Wildlife Reserve,198.69,0,0,Hansen GFC / GFW / MODIS / VIIRS / GEDI / Sentinel-2,Parametric Change Detection & Spatial Clustering,0.91,2026-05-15,Core Reserve,Grauer's Gorilla,198.69,Medium,Very High,Vulnerable,8.07,4.55
2009,1.573684932275128,28.5210045492082,Ituri,Epulu,Okapi Wildlife Reserve,215.43,0,0,Hansen GFC / GFW / MODIS / VIIRS / GEDI / Sentinel-2,Parametric Change Detection & Spatial Clustering,0.91,2026-05-15,Core Reserve,Okapi,215.43,Low,Very High,Endangered,9.78,3.58
2009,1.5584239393495898,28.63334382035509,Ituri,Epulu,Okapi Wildlife Reserve,224.75,0,0,Hansen GFC / GFW / MODIS / VIIRS / GEDI / Sentinel-2,Parametric Change Detection & Spatial Clustering,0.93,2026-05-15,Core Reserve,Forest Elephant,224.75,High,Very High,Critically Endangered,7.68,8.87
2009,1.5888913674268903,28.62288989717181,Ituri,Wamba,Okapi Wildlife Reserve,231.29,0,0,Hansen GFC / GFW / MODIS / VIIRS / GEDI / Sentinel-2,Parametric Change Detection & Spatial Clustering,0.96,2026-05-15,Core Reserve,Chimpanzee,231.29,High,Very High,Critically Endangered,9.16,3.46
2009,1.5464924385581302,28.682774290569373,Ituri,Wamba,Okapi Wildlife Reserve,221.5,0,0,Hansen GFC / GFW / MODIS / VIIRS / GEDI / Sentinel-2,Parametric Change Detection & Spatial Clustering,0.96,2026-05-15,Core Reserve,Grauer's Gorilla,221.5,Medium,Very High,Critically Endangered,2.73,1.59
2010,1.6614662049179452,28.551313665939485,Ituri,Wamba,Okapi Wildlife Reserve,243.35,0,0,Hansen GFC / GFW / MODIS / VIIRS / GEDI / Sentinel-2,Parametric Change Detection & Spatial Clustering,0.88,2026-05-15,Core Reserve,Okapi,243.35,Medium,Very High,Critically Endangered,4.76,2.3
2010,1.5845057165452505,28.640128804042618,Ituri,Epulu,Okapi Wildlife Reserve,245.91,0,0,Hansen GFC / GFW / MODIS / VIIRS / GEDI / Sentinel-2,Parametric Change Detection & Spatial Clustering,0.86,2026-05-15,Core Reserve,Forest Elephant,245.91,High,Very High,Critically Endangered,4.03,4.18
2010,1.67968420476516,28.56191580791815,Ituri,Epulu,Okapi Wildlife Reserve,216.51,0,0,Hansen GFC / GFW / MODIS / VIIRS / GEDI / Sentinel-2,Parametric Change Detection & Spatial Clustering,0.91,2026-05-15,Core Reserve,Chimpanzee,216.51,Low,Very High,Critically Endangered,3.56,3.89
2010,1.5505587290747296,28.536352949645046,Ituri,Epulu,Okapi Wildlife Reserve,208.46,0,0,Hansen GFC / GFW / MODIS / VIIRS / GEDI / Sentinel-2,Parametric Change Detection & Spatial Clustering,0.86,2026-05-15,Core Reserve,Grauer's Gorilla,208.46,Low,Very High,Endangered,6.48,9.64
2011,1.5869119898775716,28.661046774914716,Ituri,Epulu,Okapi Wildlife Reserve,251.5,0,0,Hansen GFC / GFW / MODIS / VIIRS / GEDI / Sentinel-2,Parametric Change Detection & Spatial Clustering,0.94,2026-05-15,Core Reserve,Okapi,251.5,High,Very High,Endangered,8.12,5.68
2011,1.700160538345742,28.65141487777264,Ituri,Epulu,Okapi Wildlife Reserve,222.49,0,0,Hansen GFC / GFW / MODIS / VIIRS / GEDI / Sentinel-2,Parametric Change Detection & Spatial Clustering,0.94,2026-05-15,Core Reserve,Forest Elephant,222.49,High,Very High,Endangered,4.91,4.33
2011,1.5724300173771018,28.48979116909998,Ituri,Wamba,Okapi Wildlife Reserve,236.4,0,0,Hansen GFC / GFW / MODIS / VIIRS / GEDI / Sentinel-2,Parametric Change Detection & Spatial Clustering,0.96,2026-05-15,Core Reserve,Chimpanzee,236.4,Low,Very High,Endangered,6.2,6.04
2011,1.5913331527271715,28.496371515466357,Ituri,Epulu,Okapi Wildlife Reserve,224.31,0,0,Hansen GFC / GFW / MODIS / VIIRS / GEDI / Sentinel-2,Parametric Change Detection & Spatial Clustering,0.86,2026-05-15,Core Reserve,Grauer's Gorilla,224.31,Low,Very High,Vulnerable,6.1,7.58
2012,1.6921187491070582,28.58070879137861,Ituri,Epulu,Okapi Wildlife Reserve,252.64,0,0,Hansen GFC / GFW / MODIS / VIIRS / GEDI / Sentinel-2,Parametric Change Detection & Spatial Clustering,0.89,2026-05-15,Core Reserve,Okapi,252.64,Medium,Very High,Vulnerable,8.15,8.09
2012,1.5464959199820025,28.548310883494757,Ituri,Epulu,Okapi Wildlife Reserve,245.53,0,0,Hansen GFC / GFW / MODIS / VIIRS / GEDI / Sentinel-2,Parametric Change Detection & Spatial Clustering,0.93,2026-05-15,Core Reserve,Forest Elephant,245.53,Medium,Very High,Endangered,3.71,8.49
2012,1.5934746359288312,28.654172792220216,Ituri,Epulu,Okapi Wildlife Reserve,261.51,0,0,Hansen GFC / GFW / MODIS / VIIRS / GEDI / Sentinel-2,Parametric Change Detection & Spatial Clustering,0.88,2026-05-15,Core Reserve,Chimpanzee,261.51,Medium,Very High,Endangered,5.68,4.91
2012,1.6606721217289357,28.634749752368183,Ituri,Wamba,Okapi Wildlife Reserve,261.13,0,0,Hansen GFC / GFW / MODIS / VIIRS / GEDI / Sentinel-2,Parametric Change Detection & Spatial Clustering,0.87,2026-05-15,Core Reserve,Grauer's Gorilla,261.13,Medium,Very High,Critically Endangered,5.93,2.15
2013,1.642870667179233,28.549249052505054,Ituri,Mambasa,Okapi Wildlife Reserve,277.7,0,0,Hansen GFC / GFW / MODIS / VIIRS / GEDI / Sentinel-2,Parametric Change Detection & Spatial Clustering,0.91,2026-05-15,Core Reserve,Okapi,277.7,High,Very High,Vulnerable,8.95,3.91
2013,1.5819883572032971,28.642862564691306,Ituri,Wamba,Okapi Wildlife Reserve,241.57,0,0,Hansen GFC / GFW / MODIS / VIIRS / GEDI / Sentinel-2,Parametric Change Detection & Spatial Clustering,0.9,2026-05-15,Core Reserve,Forest Elephant,241.57,Low,Very High,Critically Endangered,6.27,4.18
2013,1.5554908972563575,28.563069627152448,Ituri,Wamba,Okapi Wildlife Reserve,265.53,0,0,Hansen GFC / GFW / MODIS / VIIRS / GEDI / Sentinel-2,Parametric Change Detection & Spatial Clustering,0.97,2026-05-15,Core Reserve,Chimpanzee,265.53,High,Very High,Endangered,1.21,9.1
2013,1.636691258670118,28.58767187037611,Ituri,Epulu,Okapi Wildlife Reserve,247.48,0,0,Hansen GFC / GFW / MODIS / VIIRS / GEDI / Sentinel-2,Parametric Change Detection & Spatial Clustering,0.86,2026-05-15,Core Reserve,Grauer's Gorilla,247.48,High,Very High,Vulnerable,5.99,6.04
2014,1.6777548929730304,28.537581379162244,Ituri,Epulu,Okapi Wildlife Reserve,282.44,0,0,Hansen GFC / GFW / MODIS / VIIRS / GEDI / Sentinel-2,Parametric Change Detection & Spatial Clustering,0.89,2026-05-15,Core Reserve,Okapi,282.44,Medium,Very High,Vulnerable,4.31,1.18
2014,1.7198047999925625,28.661293911155997,Ituri,Mambasa,Okapi Wildlife Reserve,245.52,0,0,Hansen GFC / GFW / MODIS / VIIRS / GEDI / Sentinel-2,Parametric Change Detection & Spatial Clustering,0.88,2026-05-15,Core Reserve,Forest Elephant,245.52,Low,Very High,Endangered,2.15,5.77
2014,1.6135243327633888,28.61197993408606,Ituri,Mambasa,Okapi Wildlife Reserve,271.75,0,0,Hansen GFC / GFW / MODIS / VIIRS / GEDI / Sentinel-2,Parametric Change Detection & Spatial Clustering,0.92,2026-05-15,Core Reserve,Chimpanzee,271.75,Low,Very High,Endangered,1.97,2.81
2014,1.5435282019221415,28.624338310169424,Ituri,Wamba,Okapi Wildlife Reserve,269.91,0,0,Hansen GFC / GFW / MODIS / VIIRS / GEDI / Sentinel-2,Parametric Change Detection & Spatial Clustering,0.87,2026-05-15,Core Reserve,Grauer's Gorilla,269.91,Medium,Very High,Critically Endangered,3.19,2.78
2015,1.6224309047709182,28.580299239962258,Ituri,Mambasa,Okapi Wildlife Reserve,271.35,0,0,Hansen GFC / GFW / MODIS / VIIRS / GEDI / Sentinel-2,Parametric Change Detection & Spatial Clustering,0.89,2026-05-15,Core Reserve,Okapi,271.35,Low,Very High,Vulnerable,1.35,6.78
2015,1.6457721454874674,28.600092320624316,Ituri,Wamba,Okapi Wildlife Reserve,261.23,0,0,Hansen GFC / GFW / MODIS / VIIRS / GEDI / Sentinel-2,Parametric Change Detection & Spatial Clustering,0.88,2026-05-15,Core Reserve,Forest Elephant,261.23,Low,Very High,Vulnerable,6.51,7.83
2015,1.6234583933775002,28.669920471733892,Ituri,Epulu,Okapi Wildlife Reserve,286.35,0,0,Hansen GFC / GFW / MODIS / VIIRS / GEDI / Sentinel-2,Parametric Change Detection & Spatial Clustering,0.87,2026-05-15,Core Reserve,Chimpanzee,286.35,High,Very High,Vulnerable,2.41,6.19
2015,1.5934763785738557,28.655520955141544,Ituri,Wamba,Okapi Wildlife Reserve,269.14,0,0,Hansen GFC / GFW / MODIS / VIIRS / GEDI / Sentinel-2,Parametric Change Detection & Spatial Clustering,0.95,2026-05-15,Core Reserve,Grauer's Gorilla,269.14,Low,Very High,Critically Endangered,6.48,6.89
2016,1.5522184195398918,28.61116087736555,Ituri,Wamba,Okapi Wildlife Reserve,274.67,0,0,Hansen GFC / GFW / MODIS / VIIRS / GEDI / Sentinel-2,Parametric Change Detection & Spatial Clustering,0.86,2026-05-15,Core Reserve,Okapi,274.67,Low,Very High,Endangered,7.14,9.94
2016,1.6895271289003064,28.621301810323036,Ituri,Epulu,Okapi Wildlife Reserve,281.89,0,0,Hansen GFC / GFW / MODIS / VIIRS / GEDI / Sentinel-2,Parametric Change Detection & Spatial Clustering,0.86,2026-05-15,Core Reserve,Forest Elephant,281.89,Medium,Very High,Endangered,9.22,5.46
2016,1.6985958832228334,28.671057242308233,Ituri,Wamba,Okapi Wildlife Reserve,293.11,0,0,Hansen GFC / GFW / MODIS / VIIRS / GEDI / Sentinel-2,Parametric Change Detection & Spatial Clustering,0.92,2026-05-15,Core Reserve,Chimpanzee,293.11,Medium,Very High,Endangered,8.53,3.14
2016,1.693090246395301,28.613097058656297,Ituri,Mambasa,Okapi Wildlife Reserve,294.37,0,0,Hansen GFC / GFW / MODIS / VIIRS / GEDI / Sentinel-2,Parametric Change Detection & Spatial Clustering,0.91,2026-05-15,Core Reserve,Grauer's Gorilla,294.37,Low,Very High,Critically Endangered,2.55,1.65
2017,1.688634073406923,28.548153989105924,Ituri,Mambasa,Okapi Wildlife Reserve,316.13,0,0,Hansen GFC / GFW / MODIS / VIIRS / GEDI / Sentinel-2,Parametric Change Detection & Spatial Clustering,0.93,2026-05-15,Core Reserve,Okapi,316.13,Medium,Very High,Vulnerable,1.16,7.68
2017,1.6933000175689266,28.508641309275365,Ituri,Epulu,Okapi Wildlife Reserve,275.84,0,0,Hansen GFC / GFW / MODIS / VIIRS / GEDI / Sentinel-2,Parametric Change Detection & Spatial Clustering,0.93,2026-05-15,Core Reserve,Forest Elephant,275.84,High,Very High,Critically Endangered,3.83,8.32
2017,1.6287847128435888,28.582610631211555,Ituri,Epulu,Okapi Wildlife Reserve,306.45,0,0,Hansen GFC / GFW / MODIS / VIIRS / GEDI / Sentinel-2,Parametric Change Detection & Spatial Clustering,0.94,2026-05-15,Core Reserve,Chimpanzee,306.45,Low,Very High,Endangered,7.78,2.31
2017,1.5690150112295296,28.638759581674922,Ituri,Wamba,Okapi Wildlife Reserve,300.03,0,0,Hansen GFC / GFW / MODIS / VIIRS / GEDI / Sentinel-2,Parametric Change Detection & Spatial Clustering,0.94,2026-05-15,Core Reserve,Grauer's Gorilla,300.03,Low,Very High,Vulnerable,5.87,1.93
2018,1.7142033563947916,28.584945479864956,Ituri,Wamba,Okapi Wildlife Reserve,305.16,0,0,Hansen GFC / GFW / MODIS / VIIRS / GEDI / Sentinel-2,Parametric Change Detection & Spatial Clustering,0.92,2026-05-15,Core Reserve,Okapi,305.16,High,Very High,Endangered,6.67,9.14
2018,1.6810400923573172,28.607139140512768,Ituri,Epulu,Okapi Wildlife Reserve,326.37,0,0,Hansen GFC / GFW / MODIS / VIIRS / GEDI / Sentinel-2,Parametric Change Detection & Spatial Clustering,0.88,2026-05-15,Core Reserve,Forest Elephant,326.37,Medium,Very High,Vulnerable,9.64,8.24
2018,1.5374796469927055,28.60851969808094,Ituri,Epulu,Okapi Wildlife Reserve,312.46,0,0,Hansen GFC / GFW / MODIS / VIIRS / GEDI / Sentinel-2,Parametric Change Detection & Spatial Clustering,0.95,2026-05-15,Core Reserve,Chimpanzee,312.46,Medium,Very High,Endangered,3.32,8.01
2018,1.644212106043333,28.674812692658097,Ituri,Epulu,Okapi Wildlife Reserve,287.53,0,0,Hansen GFC / GFW / MODIS / VIIRS / GEDI / Sentinel-2,Parametric Change Detection & Spatial Clustering,0.94,2026-05-15,Core Reserve,Grauer's Gorilla,287.53,Low,Very High,Vulnerable,3.09,4.19
2019,1.5464299321165242,28.577202003809578,Ituri,Mambasa,Okapi Wildlife Reserve,312.38,0,0,Hansen GFC / GFW / MODIS / VIIRS / GEDI / Sentinel-2,Parametric Change Detection & Spatial Clustering,0.93,2026-05-15,Core Reserve,Okapi,312.38,Low,Very High,Vulnerable,5.24,4.6
2019,1.654861580543287,28.48381692860448,Ituri,Epulu,Okapi Wildlife Reserve,309.67,0,0,Hansen GFC / GFW / MODIS / VIIRS / GEDI / Sentinel-2,Parametric Change Detection & Spatial Clustering,0.87,2026-05-15,Core Reserve,Forest Elephant,309.67,High,Very High,Critically Endangered,6.56,8.51
2019,1.6047924880874498,28.652490149570877,Ituri,Mambasa,Okapi Wildlife Reserve,317.38,0,0,Hansen GFC / GFW / MODIS / VIIRS / GEDI / Sentinel-2,Parametric Change Detection & Spatial Clustering,0.96,2026-05-15,Core Reserve,Chimpanzee,317.38,High,Very High,Vulnerable,4.99,6.61
2019,1.5481494341485793,28.5329241605738,Ituri,Wamba,Okapi Wildlife Reserve,327.26,0,0,Hansen GFC / GFW / MODIS / VIIRS / GEDI / Sentinel-2,Parametric Change Detection & Spatial Clustering,0.9,2026-05-15,Core Reserve,Grauer's Gorilla,327.26,High,Very High,Vulnerable,4.49,2.26
2020,1.5696784535351644,28.610138346110556,Ituri,Wamba,Okapi Wildlife Reserve,314.92,0,0,Hansen GFC / GFW / MODIS / VIIRS / GEDI / Sentinel-2,Parametric Change Detection & Spatial Clustering,0.9,2026-05-15,Core Reserve,Okapi,314.92,Medium,Very High,Endangered,4.28,6.82
2020,1.7227818975289464,28.57922805219926,Ituri,Wamba,Okapi Wildlife Reserve,324.08,0,0,Hansen GFC / GFW / MODIS / VIIRS / GEDI / Sentinel-2,Parametric Change Detection & Spatial Clustering,0.96,2026-05-15,Core Reserve,Forest Elephant,324.08,Medium,Very High,Vulnerable,6.39,7.9
2020,1.6825401470048582,28.55231722487744,Ituri,Epulu,Okapi Wildlife Reserve,339.3,0,0,Hansen GFC / GFW / MODIS / VIIRS / GEDI / Sentinel-2,Parametric Change Detection & Spatial Clustering,0.87,2026-05-15,Core Reserve,Chimpanzee,339.3,Low,Very High,Critically Endangered,7.83,8.17
2020,1.5884653144482148,28.649334718862455,Ituri,Epulu,Okapi Wildlife Reserve,319.52,0,0,Hansen GFC / GFW / MODIS / VIIRS / GEDI / Sentinel-2,Parametric Change Detection & Spatial Clustering,0.9,2026-05-15,Core Reserve,Grauer's Gorilla,319.52,High,Very High,Critically Endangered,6.13,8.1
2021,1.667038224036902,28.538886933290485,Ituri,Mambasa,Okapi Wildlife Reserve,346.65,0,0,Hansen GFC / GFW / MODIS / VIIRS / GEDI / Sentinel-2,Parametric Change Detection & Spatial Clustering,0.93,2026-05-15,Core Reserve,Okapi,346.65,Medium,Very High,Critically Endangered,8.04,5.72
2021,1.6170999939866342,28.49003343776585,Ituri,Mambasa,Okapi Wildlife Reserve,348.41,0,0,Hansen GFC / GFW / MODIS / VIIRS / GEDI / Sentinel-2,Parametric Change Detection & Spatial Clustering,0.92,2026-05-15,Core Reserve,Forest Elephant,348.41,Medium,Very High,Critically Endangered,7.26,9.5
2021,1.7055017097453886,28.673080992176452,Ituri,Wamba,Okapi Wildlife Reserve,328.61,0,0,Hansen GFC / GFW / MODIS / VIIRS / GEDI / Sentinel-2,Parametric Change Detection & Spatial Clustering,0.89,2026-05-15,Core Reserve,Chimpanzee,328.61,High,Very High,Endangered,5.62,5.98
2021,1.6124663583594012,28.662556672899715,Ituri,Mambasa,Okapi Wildlife Reserve,324.34,0,0,Hansen GFC / GFW / MODIS / VIIRS / GEDI / Sentinel-2,Parametric Change Detection & Spatial Clustering,0.85,2026-05-15,Core Reserve,Grauer's Gorilla,324.34,Low,Very High,Vulnerable,1.48,3.28
2022,1.6213931262612902,28.637600609604476,Ituri,Wamba,Okapi Wildlife Reserve,328.35,0,0,Hansen GFC / GFW / MODIS / VIIRS / GEDI / Sentinel-2,Parametric Change Detection & Spatial Clustering,0.96,2026-05-15,Core Reserve,Okapi,328.35,Medium,Very High,Vulnerable,8.86,1.32
2022,1.5788514228334485,28.524227943055863,Ituri,Epulu,Okapi Wildlife Reserve,352.01,0,0,Hansen GFC / GFW / MODIS / VIIRS / GEDI / Sentinel-2,Parametric Change Detection & Spatial Clustering,0.86,2026-05-15,Core Reserve,Forest Elephant,352.01,Medium,Very High,Endangered,9.95,2.49
2022,1.7087485974579932,28.6708783931855,Ituri,Epulu,Okapi Wildlife Reserve,335.72,0,0,Hansen GFC / GFW / MODIS / VIIRS / GEDI / Sentinel-2,Parametric Change Detection & Spatial Clustering,0.89,2026-05-15,Core Reserve,Chimpanzee,335.72,Medium,Very High,Vulnerable,6.38,3.06
2022,1.6892795279658779,28.56288555351083,Ituri,Mambasa,Okapi Wildlife Reserve,338.49,0,0,Hansen GFC / GFW / MODIS / VIIRS / GEDI / Sentinel-2,Parametric Change Detection & Spatial Clustering,0.91,2026-05-15,Core Reserve,Grauer's Gorilla,338.49,High,Very High,Endangered,5.41,1.12
2023,1.7182569451948373,28.600776605328747,Ituri,Wamba,Okapi Wildlife Reserve,345.14,0,0,Hansen GFC / GFW / MODIS / VIIRS / GEDI / Sentinel-2,Parametric Change Detection & Spatial Clustering,0.89,2026-05-15,Core Reserve,Okapi,345.14,Low,Very High,Endangered,6.85,2.78
2023,1.562951780817723,28.628611049450715,Ituri,Wamba,Okapi Wildlife Reserve,371.92,0,0,Hansen GFC / GFW / MODIS / VIIRS / GEDI / Sentinel-2,Parametric Change Detection & Spatial Clustering,0.92,2026-05-15,Core Reserve,Forest Elephant,371.92,Low,Very High,Vulnerable,1.53,5.78
2023,1.7281647285667863,28.492186469606416,Ituri,Epulu,Okapi Wildlife Reserve,363.8,0,0,Hansen GFC / GFW / MODIS / VIIRS / GEDI / Sentinel-2,Parametric Change Detection & Spatial Clustering,0.91,2026-05-15,Core Reserve,Chimpanzee,363.8,Low,Very High,Vulnerable,6.14,1.61
2023,1.6401637008250216,28.678729567327185,Ituri,Mambasa,Okapi Wildlife Reserve,342.2,0,0,Hansen GFC / GFW / MODIS / VIIRS / GEDI / Sentinel-2,Parametric Change Detection & Spatial Clustering,0.88,2026-05-15,Core Reserve,Grauer's Gorilla,342.2,High,Very High,Endangered,4.87,7.82
2024,1.6170000937899265,28.663727762623257,Ituri,Mambasa,Okapi Wildlife Reserve,388.84,0,0,Hansen GFC / GFW / MODIS / VIIRS / GEDI / Sentinel-2,Parametric Change Detection & Spatial Clustering,0.94,2026-05-15,Core Reserve,Okapi,388.84,High,Very High,Endangered,7.86,7.38
2024,1.6731978231175935,28.576396258704193,Ituri,Mambasa,Okapi Wildlife Reserve,343.51,0,0,Hansen GFC / GFW / MODIS / VIIRS / GEDI / Sentinel-2,Parametric Change Detection & Spatial Clustering,0.97,2026-05-15,Core Reserve,Forest Elephant,343.51,High,Very High,Vulnerable,5.01,5.23
2024,1.5903093168682705,28.521955930285735,Ituri,Wamba,Okapi Wildlife Reserve,363.52,0,0,Hansen GFC / GFW / MODIS / VIIRS / GEDI / Sentinel-2,Parametric Change Detection & Spatial Clustering,0.85,2026-05-15,Core Reserve,Chimpanzee,363.52,Medium,Very High,Critically Endangered,8.08,3.35
2024,1.6849357192575414,28.543769815744028,Ituri,Epulu,Okapi Wildlife Reserve,386.65,0,0,Hansen GFC / GFW / MODIS / VIIRS / GEDI / Sentinel-2,Parametric Change Detection & Spatial Clustering,0.87,2026-05-15,Core Reserve,Grauer's Gorilla,386.65,High,Very High,Critically Endangered,7.05,9.6
2025,1.6301988497947386,28.5393790976469,Ituri,Mambasa,Okapi Wildlife Reserve,383.77,0,0,Hansen GFC / GFW / MODIS / VIIRS / GEDI / Sentinel-2,Parametric Change Detection & Spatial Clustering,0.88,2026-05-15,Core Reserve,Okapi,383.77,Medium,Very High,Critically Endangered,8.04,9.53
2025,1.7283478477114245,28.592307567256704,Ituri,Mambasa,Okapi Wildlife Reserve,381.28,0,0,Hansen GFC / GFW / MODIS / VIIRS / GEDI / Sentinel-2,Parametric Change Detection & Spatial Clustering,0.88,2026-05-15,Core Reserve,Forest Elephant,381.28,Low,Very High,Critically Endangered,1.63,6.07
2025,1.5577864806835222,28.57949485952992,Ituri,Wamba,Okapi Wildlife Reserve,354.1,0,0,Hansen GFC / GFW / MODIS / VIIRS / GEDI / Sentinel-2,Parametric Change Detection & Spatial Clustering,0.94,2026-05-15,Core Reserve,Chimpanzee,354.1,Medium,Very High,Endangered,4.37,1.37
2025,1.6541085509781457,28.557728266379282,Ituri,Epulu,Okapi Wildlife Reserve,351.61,0,0,Hansen GFC / GFW / MODIS / VIIRS / GEDI / Sentinel-2,Parametric Change Detection & Spatial Clustering,0.88,2026-05-15,Core Reserve,Grauer's Gorilla,351.61,Medium,Very High,Vulnerable,1.14,9.33
2026,1.6871628541567776,28.674080213437296,Ituri,Epulu,Okapi Wildlife Reserve,370.34,0,0,Hansen GFC / GFW / MODIS / VIIRS / GEDI / Sentinel-2,Parametric Change Detection & Spatial Clustering,0.92,2026-05-15,Core Reserve,Okapi,370.34,High,Very High,Endangered,8.62,4.08
2026,1.6156889905792882,28.647621163238423,Ituri,Epulu,Okapi Wildlife Reserve,368.7,0,0,Hansen GFC / GFW / MODIS / VIIRS / GEDI / Sentinel-2,Parametric Change Detection & Spatial Clustering,0.88,2026-05-15,Core Reserve,Forest Elephant,368.7,Medium,Very High,Endangered,1.99,1.9
2026,1.67615225934993,28.645065585585545,Ituri,Wamba,Okapi Wildlife Reserve,407.57,0,0,Hansen GFC / GFW / MODIS / VIIRS / GEDI / Sentinel-2,Parametric Change Detection & Spatial Clustering,0.94,2026-05-15,Core Reserve,Chimpanzee,407.57,Medium,Very High,Endangered,7.7,1.78
2026,1.6051813973454296,28.537306091562787,Ituri,Mambasa,Okapi Wildlife Reserve,374.13,0,0,Hansen GFC / GFW / MODIS / VIIRS / GEDI / Sentinel-2,Parametric Change Detection & Spatial Clustering,0.96,2026-05-15,Core Reserve,Grauer's Gorilla,374.13,Medium,Very High,Critically Endangered,8.96,4.74
