year,latitude,longitude,province,territory,zone_name,area_ha,area_km2,percent_change,source_dataset,analysis_method,confidence_level,date_processed,priority_level,action_required
2000,1.7098074129634875,28.66063953860829,Ituri,Mambasa,Okapi Wildlife Reserve,0,0,0,Hansen GFC / GFW / MODIS / VIIRS / GEDI / Sentinel-2,Parametric Change Detection & Spatial Clustering,0.91,2026-06-09,Critical,Immediate Patrol
2001,1.5572214264177269,28.648510689470438,Ituri,Mambasa,Okapi Wildlife Reserve,0,0,0,Hansen GFC / GFW / MODIS / VIIRS / GEDI / Sentinel-2,Parametric Change Detection & Spatial Clustering,0.96,2026-06-09,Critical,Immediate Patrol
2002,1.6656553944938002,28.677455773136494,Ituri,Mambasa,Okapi Wildlife Reserve,0,0,0,Hansen GFC / GFW / MODIS / VIIRS / GEDI / Sentinel-2,Parametric Change Detection & Spatial Clustering,0.96,2026-06-09,Critical,Immediate Patrol
2003,1.6325046669746497,28.500653218307292,Ituri,Mambasa,Okapi Wildlife Reserve,0,0,0,Hansen GFC / GFW / MODIS / VIIRS / GEDI / Sentinel-2,Parametric Change Detection & Spatial Clustering,0.88,2026-06-09,Critical,Immediate Patrol
2004,1.5405046634311013,28.562714181817878,Ituri,Mambasa,Okapi Wildlife Reserve,0,0,0,Hansen GFC / GFW / MODIS / VIIRS / GEDI / Sentinel-2,Parametric Change Detection & Spatial Clustering,0.88,2026-06-09,Critical,Immediate Patrol
2005,1.5632950210878198,28.642280434225512,Ituri,Mambasa,Okapi Wildlife Reserve,0,0,0,Hansen GFC / GFW / MODIS / VIIRS / GEDI / Sentinel-2,Parametric Change Detection & Spatial Clustering,0.9,2026-06-09,Critical,Immediate Patrol
2006,1.6297569162135608,28.552366818689414,Ituri,Epulu,Okapi Wildlife Reserve,0,0,0,Hansen GFC / GFW / MODIS / VIIRS / GEDI / Sentinel-2,Parametric Change Detection & Spatial Clustering,0.92,2026-06-09,Critical,Immediate Patrol
2007,1.6551643923195825,28.640720780201168,Ituri,Epulu,Okapi Wildlife Reserve,0,0,0,Hansen GFC / GFW / MODIS / VIIRS / GEDI / Sentinel-2,Parametric Change Detection & Spatial Clustering,0.96,2026-06-09,Critical,Immediate Patrol
2008,1.6548614091997471,28.655303324583915,Ituri,Wamba,Okapi Wildlife Reserve,0,0,0,Hansen GFC / GFW / MODIS / VIIRS / GEDI / Sentinel-2,Parametric Change Detection & Spatial Clustering,0.95,2026-06-09,Critical,Immediate Patrol
2009,1.561642014059351,28.56188772319693,Ituri,Epulu,Okapi Wildlife Reserve,0,0,0,Hansen GFC / GFW / MODIS / VIIRS / GEDI / Sentinel-2,Parametric Change Detection & Spatial Clustering,0.94,2026-06-09,Critical,Immediate Patrol
2010,1.6183381587600778,28.494287031728913,Ituri,Mambasa,Okapi Wildlife Reserve,0,0,0,Hansen GFC / GFW / MODIS / VIIRS / GEDI / Sentinel-2,Parametric Change Detection & Spatial Clustering,0.85,2026-06-09,Critical,Immediate Patrol
2011,1.6303101867176835,28.641032866166544,Ituri,Wamba,Okapi Wildlife Reserve,0,0,0,Hansen GFC / GFW / MODIS / VIIRS / GEDI / Sentinel-2,Parametric Change Detection & Spatial Clustering,0.91,2026-06-09,Critical,Immediate Patrol
2012,1.6063928474984177,28.619563447581676,Ituri,Wamba,Okapi Wildlife Reserve,0,0,0,Hansen GFC / GFW / MODIS / VIIRS / GEDI / Sentinel-2,Parametric Change Detection & Spatial Clustering,0.89,2026-06-09,Critical,Immediate Patrol
2013,1.6808291270724707,28.52789966722641,Ituri,Wamba,Okapi Wildlife Reserve,0,0,0,Hansen GFC / GFW / MODIS / VIIRS / GEDI / Sentinel-2,Parametric Change Detection & Spatial Clustering,0.96,2026-06-09,Critical,Immediate Patrol
2014,1.6648101183244854,28.519043305027857,Ituri,Mambasa,Okapi Wildlife Reserve,0,0,0,Hansen GFC / GFW / MODIS / VIIRS / GEDI / Sentinel-2,Parametric Change Detection & Spatial Clustering,0.89,2026-06-09,Critical,Immediate Patrol
2015,1.6200033497986623,28.592799756130397,Ituri,Wamba,Okapi Wildlife Reserve,0,0,0,Hansen GFC / GFW / MODIS / VIIRS / GEDI / Sentinel-2,Parametric Change Detection & Spatial Clustering,0.97,2026-06-09,Critical,Immediate Patrol
2016,1.6492711337620478,28.50366532760886,Ituri,Epulu,Okapi Wildlife Reserve,0,0,0,Hansen GFC / GFW / MODIS / VIIRS / GEDI / Sentinel-2,Parametric Change Detection & Spatial Clustering,0.92,2026-06-09,Critical,Immediate Patrol
2017,1.7183815575581156,28.653197606538633,Ituri,Mambasa,Okapi Wildlife Reserve,0,0,0,Hansen GFC / GFW / MODIS / VIIRS / GEDI / Sentinel-2,Parametric Change Detection & Spatial Clustering,0.96,2026-06-09,Critical,Immediate Patrol
2018,1.690480812325505,28.623212035654046,Ituri,Wamba,Okapi Wildlife Reserve,0,0,0,Hansen GFC / GFW / MODIS / VIIRS / GEDI / Sentinel-2,Parametric Change Detection & Spatial Clustering,0.94,2026-06-09,Critical,Immediate Patrol
2019,1.5414397345394482,28.615200622818115,Ituri,Mambasa,Okapi Wildlife Reserve,0,0,0,Hansen GFC / GFW / MODIS / VIIRS / GEDI / Sentinel-2,Parametric Change Detection & Spatial Clustering,0.93,2026-06-09,Critical,Immediate Patrol
2020,1.5891160432125584,28.501336194988582,Ituri,Wamba,Okapi Wildlife Reserve,0,0,0,Hansen GFC / GFW / MODIS / VIIRS / GEDI / Sentinel-2,Parametric Change Detection & Spatial Clustering,0.97,2026-06-09,Critical,Immediate Patrol
2021,1.5845342226289225,28.50172709081737,Ituri,Epulu,Okapi Wildlife Reserve,0,0,0,Hansen GFC / GFW / MODIS / VIIRS / GEDI / Sentinel-2,Parametric Change Detection & Spatial Clustering,0.88,2026-06-09,Critical,Immediate Patrol
2022,1.6878426161362405,28.48582231439142,Ituri,Mambasa,Okapi Wildlife Reserve,0,0,0,Hansen GFC / GFW / MODIS / VIIRS / GEDI / Sentinel-2,Parametric Change Detection & Spatial Clustering,0.96,2026-06-09,Critical,Immediate Patrol
2023,1.7075442562377126,28.655311747180576,Ituri,Wamba,Okapi Wildlife Reserve,0,0,0,Hansen GFC / GFW / MODIS / VIIRS / GEDI / Sentinel-2,Parametric Change Detection & Spatial Clustering,0.91,2026-06-09,Critical,Immediate Patrol
2024,1.587151473011564,28.594253184437516,Ituri,Mambasa,Okapi Wildlife Reserve,0,0,0,Hansen GFC / GFW / MODIS / VIIRS / GEDI / Sentinel-2,Parametric Change Detection & Spatial Clustering,0.93,2026-06-09,Critical,Immediate Patrol
2025,1.6940187727727574,28.605058550097958,Ituri,Epulu,Okapi Wildlife Reserve,0,0,0,Hansen GFC / GFW / MODIS / VIIRS / GEDI / Sentinel-2,Parametric Change Detection & Spatial Clustering,0.97,2026-06-09,Critical,Immediate Patrol
2026,1.6970156201868025,28.504018376244623,Ituri,Mambasa,Okapi Wildlife Reserve,0,0,0,Hansen GFC / GFW / MODIS / VIIRS / GEDI / Sentinel-2,Parametric Change Detection & Spatial Clustering,0.89,2026-06-09,Critical,Immediate Patrol
2027,1.6894109935016492,28.621970825415247,Ituri,Mambasa,Okapi Wildlife Reserve,0,0,0,Hansen GFC / GFW / MODIS / VIIRS / GEDI / Sentinel-2,Parametric Change Detection & Spatial Clustering,0.89,2026-06-09,Critical,Immediate Patrol
2028,1.6949625834896294,28.5212576053319,Ituri,Wamba,Okapi Wildlife Reserve,0,0,0,Hansen GFC / GFW / MODIS / VIIRS / GEDI / Sentinel-2,Parametric Change Detection & Spatial Clustering,0.93,2026-06-09,Critical,Immediate Patrol
2029,1.6046289698254534,28.51844859931563,Ituri,Mambasa,Okapi Wildlife Reserve,0,0,0,Hansen GFC / GFW / MODIS / VIIRS / GEDI / Sentinel-2,Parametric Change Detection & Spatial Clustering,0.93,2026-06-09,Critical,Immediate Patrol
2030,1.5732214255025858,28.505570324425143,Ituri,Mambasa,Okapi Wildlife Reserve,0,0,0,Hansen GFC / GFW / MODIS / VIIRS / GEDI / Sentinel-2,Parametric Change Detection & Spatial Clustering,0.96,2026-06-09,Critical,Immediate Patrol
