year,latitude,longitude,province,territory,zone_name,area_ha,area_km2,percent_change,source_dataset,analysis_method,confidence_level,date_processed,fire_id,year_active,burned_area_ha,fire_severity,vegetation_type,carbon_emission_estimate,recurrence_frequency,distance_to_settlement
2000,1.546232555599997,28.59396687743764,Ituri,Wamba,Okapi Wildlife Reserve,224.97,2.2497,-0.54,Hansen GFC / GFW / MODIS / VIIRS / GEDI / Sentinel-2,Parametric Change Detection & Spatial Clustering,0.96,2026-06-09,F-2000-0,2000,224.97,High,Savannah,3487.01,5,8.13
2000,1.550519977518929,28.498509782256242,Ituri,Mambasa,Okapi Wildlife Reserve,117.56,1.1756,9.53,Hansen GFC / GFW / MODIS / VIIRS / GEDI / Sentinel-2,Parametric Change Detection & Spatial Clustering,0.95,2026-06-09,F-2000-1,2000,117.56,Moderate,Savannah,1822.12,4,7.15
2000,1.6974365160657792,28.523382778019847,Ituri,Mambasa,Okapi Wildlife Reserve,246.14,2.4614,1.14,Hansen GFC / GFW / MODIS / VIIRS / GEDI / Sentinel-2,Parametric Change Detection & Spatial Clustering,0.86,2026-06-09,F-2000-2,2000,246.14,High,Savannah,3815.24,2,14.17
2000,1.5575748879728102,28.48767514381266,Ituri,Wamba,Okapi Wildlife Reserve,54.47,0.5447,1.85,Hansen GFC / GFW / MODIS / VIIRS / GEDI / Sentinel-2,Parametric Change Detection & Spatial Clustering,0.97,2026-06-09,F-2000-3,2000,54.47,Low,Degraded Forest,844.28,5,14.17
2000,1.671388231876912,28.50670578909288,Ituri,Mambasa,Okapi Wildlife Reserve,235.42,2.3542,-8.75,Hansen GFC / GFW / MODIS / VIIRS / GEDI / Sentinel-2,Parametric Change Detection & Spatial Clustering,0.87,2026-06-09,F-2000-4,2000,235.42,Moderate,Degraded Forest,3649.08,1,8.36
2001,1.6964944582201966,28.506869938939516,Ituri,Wamba,Okapi Wildlife Reserve,84.85,0.8485,-8.49,Hansen GFC / GFW / MODIS / VIIRS / GEDI / Sentinel-2,Parametric Change Detection & Spatial Clustering,0.88,2026-06-09,F-2001-0,2001,84.85,High,Savannah,1315.21,4,8.15
2001,1.6822119998670495,28.498038098046784,Ituri,Epulu,Okapi Wildlife Reserve,148.18,1.4818,-1.14,Hansen GFC / GFW / MODIS / VIIRS / GEDI / Sentinel-2,Parametric Change Detection & Spatial Clustering,0.98,2026-06-09,F-2001-1,2001,148.18,High,Primary Forest,2296.83,5,5.7
2001,1.664883434839945,28.515913034796068,Ituri,Mambasa,Okapi Wildlife Reserve,238.08,2.3808,-6.91,Hansen GFC / GFW / MODIS / VIIRS / GEDI / Sentinel-2,Parametric Change Detection & Spatial Clustering,0.93,2026-06-09,F-2001-2,2001,238.08,Low,Primary Forest,3690.25,5,10.91
2001,1.713450391851653,28.55892177046196,Ituri,Epulu,Okapi Wildlife Reserve,92.61,0.9261,0.86,Hansen GFC / GFW / MODIS / VIIRS / GEDI / Sentinel-2,Parametric Change Detection & Spatial Clustering,0.95,2026-06-09,F-2001-3,2001,92.61,Moderate,Savannah,1435.51,1,8.28
2001,1.6615887887888798,28.66955573642826,Ituri,Mambasa,Okapi Wildlife Reserve,51.78,0.5178,-3.61,Hansen GFC / GFW / MODIS / VIIRS / GEDI / Sentinel-2,Parametric Change Detection & Spatial Clustering,0.87,2026-06-09,F-2001-4,2001,51.78,Low,Primary Forest,802.54,5,5.92
2001,1.6640849211490176,28.664103939611767,Ituri,Epulu,Okapi Wildlife Reserve,187.8,1.878,-0.33,Hansen GFC / GFW / MODIS / VIIRS / GEDI / Sentinel-2,Parametric Change Detection & Spatial Clustering,0.9,2026-06-09,F-2001-5,2001,187.8,Moderate,Savannah,2910.93,1,3.6
2001,1.7230635410404103,28.537110039017477,Ituri,Epulu,Okapi Wildlife Reserve,144.81,1.4481,4.56,Hansen GFC / GFW / MODIS / VIIRS / GEDI / Sentinel-2,Parametric Change Detection & Spatial Clustering,0.96,2026-06-09,F-2001-6,2001,144.81,High,Degraded Forest,2244.49,5,2.8
2001,1.6463383228879056,28.51099450547248,Ituri,Mambasa,Okapi Wildlife Reserve,223.64,2.2364,3.83,Hansen GFC / GFW / MODIS / VIIRS / GEDI / Sentinel-2,Parametric Change Detection & Spatial Clustering,0.95,2026-06-09,F-2001-7,2001,223.64,Low,Primary Forest,3466.35,3,10.52
2002,1.55546717878421,28.574707960347684,Ituri,Wamba,Okapi Wildlife Reserve,131.31,1.3131,5.03,Hansen GFC / GFW / MODIS / VIIRS / GEDI / Sentinel-2,Parametric Change Detection & Spatial Clustering,0.93,2026-06-09,F-2002-0,2002,131.31,Moderate,Degraded Forest,2035.31,4,1.08
2002,1.6572044105746442,28.617028106439317,Ituri,Mambasa,Okapi Wildlife Reserve,180.32,1.8032,1.56,Hansen GFC / GFW / MODIS / VIIRS / GEDI / Sentinel-2,Parametric Change Detection & Spatial Clustering,0.91,2026-06-09,F-2002-1,2002,180.32,High,Primary Forest,2794.95,1,7.0
2002,1.6736289046938437,28.552289892675308,Ituri,Mambasa,Okapi Wildlife Reserve,205.23,2.0523,1.73,Hansen GFC / GFW / MODIS / VIIRS / GEDI / Sentinel-2,Parametric Change Detection & Spatial Clustering,0.9,2026-06-09,F-2002-2,2002,205.23,Moderate,Degraded Forest,3181.0,1,12.0
2002,1.6223151526402035,28.654863101420734,Ituri,Wamba,Okapi Wildlife Reserve,118.5,1.185,9.09,Hansen GFC / GFW / MODIS / VIIRS / GEDI / Sentinel-2,Parametric Change Detection & Spatial Clustering,0.94,2026-06-09,F-2002-3,2002,118.5,High,Degraded Forest,1836.69,3,15.0
2002,1.6920113809977977,28.577290977279603,Ituri,Mambasa,Okapi Wildlife Reserve,219.98,2.1998,4.77,Hansen GFC / GFW / MODIS / VIIRS / GEDI / Sentinel-2,Parametric Change Detection & Spatial Clustering,0.88,2026-06-09,F-2002-4,2002,219.98,High,Savannah,3409.71,3,4.18
2002,1.6732457598004125,28.672249161837343,Ituri,Mambasa,Okapi Wildlife Reserve,181.82,1.8182,-1.78,Hansen GFC / GFW / MODIS / VIIRS / GEDI / Sentinel-2,Parametric Change Detection & Spatial Clustering,0.93,2026-06-09,F-2002-5,2002,181.82,Low,Savannah,2818.21,2,5.28
2003,1.619741133789902,28.649706612164593,Ituri,Wamba,Okapi Wildlife Reserve,67.88,0.6788,3.48,Hansen GFC / GFW / MODIS / VIIRS / GEDI / Sentinel-2,Parametric Change Detection & Spatial Clustering,0.94,2026-06-09,F-2003-0,2003,67.88,High,Degraded Forest,1052.09,2,13.42
2003,1.5659261792266363,28.563805853944327,Ituri,Mambasa,Okapi Wildlife Reserve,232.64,2.3264,-0.85,Hansen GFC / GFW / MODIS / VIIRS / GEDI / Sentinel-2,Parametric Change Detection & Spatial Clustering,0.96,2026-06-09,F-2003-1,2003,232.64,Low,Savannah,3605.98,5,2.2
2003,1.593064721375495,28.668986252383423,Ituri,Epulu,Okapi Wildlife Reserve,113.52,1.1352,4.4,Hansen GFC / GFW / MODIS / VIIRS / GEDI / Sentinel-2,Parametric Change Detection & Spatial Clustering,0.91,2026-06-09,F-2003-2,2003,113.52,Low,Degraded Forest,1759.55,1,8.6
2004,1.607776809736631,28.56237017057038,Ituri,Wamba,Okapi Wildlife Reserve,107.94,1.0794,-3.28,Hansen GFC / GFW / MODIS / VIIRS / GEDI / Sentinel-2,Parametric Change Detection & Spatial Clustering,0.86,2026-06-09,F-2004-0,2004,107.94,High,Primary Forest,1673.04,4,12.57
2004,1.6976740393671528,28.49144729449812,Ituri,Wamba,Okapi Wildlife Reserve,153.55,1.5355,-5.19,Hansen GFC / GFW / MODIS / VIIRS / GEDI / Sentinel-2,Parametric Change Detection & Spatial Clustering,0.9,2026-06-09,F-2004-1,2004,153.55,High,Primary Forest,2379.96,5,11.65
2004,1.6304767691050217,28.618490376306994,Ituri,Wamba,Okapi Wildlife Reserve,184.57,1.8457,5.37,Hansen GFC / GFW / MODIS / VIIRS / GEDI / Sentinel-2,Parametric Change Detection & Spatial Clustering,0.86,2026-06-09,F-2004-2,2004,184.57,High,Primary Forest,2860.83,4,5.08
2004,1.5431872132491427,28.530595208827595,Ituri,Mambasa,Okapi Wildlife Reserve,158.53,1.5853,-8.15,Hansen GFC / GFW / MODIS / VIIRS / GEDI / Sentinel-2,Parametric Change Detection & Spatial Clustering,0.91,2026-06-09,F-2004-3,2004,158.53,Moderate,Savannah,2457.28,2,8.32
2004,1.6197839415899096,28.665088074560344,Ituri,Mambasa,Okapi Wildlife Reserve,67.03,0.6703,-4.54,Hansen GFC / GFW / MODIS / VIIRS / GEDI / Sentinel-2,Parametric Change Detection & Spatial Clustering,0.87,2026-06-09,F-2004-4,2004,67.03,Moderate,Primary Forest,1039.03,5,14.02
2005,1.5859869142160985,28.529926225713858,Ituri,Epulu,Okapi Wildlife Reserve,223.17,2.2317,9.15,Hansen GFC / GFW / MODIS / VIIRS / GEDI / Sentinel-2,Parametric Change Detection & Spatial Clustering,0.94,2026-06-09,F-2005-0,2005,223.17,Low,Primary Forest,3459.12,5,10.0
2005,1.690415233474268,28.495105527793374,Ituri,Epulu,Okapi Wildlife Reserve,229.73,2.2973,2.19,Hansen GFC / GFW / MODIS / VIIRS / GEDI / Sentinel-2,Parametric Change Detection & Spatial Clustering,0.92,2026-06-09,F-2005-1,2005,229.73,Moderate,Savannah,3560.75,5,1.43
2005,1.6142021322301163,28.66719199418398,Ituri,Mambasa,Okapi Wildlife Reserve,233.02,2.3302,-1.21,Hansen GFC / GFW / MODIS / VIIRS / GEDI / Sentinel-2,Parametric Change Detection & Spatial Clustering,0.88,2026-06-09,F-2005-2,2005,233.02,High,Savannah,3611.75,2,2.69
2005,1.6615645367220528,28.51743299955713,Ituri,Mambasa,Okapi Wildlife Reserve,207.43,2.0743,1.18,Hansen GFC / GFW / MODIS / VIIRS / GEDI / Sentinel-2,Parametric Change Detection & Spatial Clustering,0.85,2026-06-09,F-2005-3,2005,207.43,Moderate,Degraded Forest,3215.23,4,8.72
2005,1.6900176224456118,28.60174187621236,Ituri,Mambasa,Okapi Wildlife Reserve,243.04,2.4304,2.63,Hansen GFC / GFW / MODIS / VIIRS / GEDI / Sentinel-2,Parametric Change Detection & Spatial Clustering,0.92,2026-06-09,F-2005-4,2005,243.04,High,Primary Forest,3767.14,3,14.53
2005,1.7257853566747179,28.659030924146712,Ituri,Wamba,Okapi Wildlife Reserve,96.03,0.9603,-5.86,Hansen GFC / GFW / MODIS / VIIRS / GEDI / Sentinel-2,Parametric Change Detection & Spatial Clustering,0.91,2026-06-09,F-2005-5,2005,96.03,High,Primary Forest,1488.51,4,11.92
2006,1.6188959538058325,28.540546059724143,Ituri,Wamba,Okapi Wildlife Reserve,104.87,1.0487,1.31,Hansen GFC / GFW / MODIS / VIIRS / GEDI / Sentinel-2,Parametric Change Detection & Spatial Clustering,0.88,2026-06-09,F-2006-0,2006,104.87,High,Degraded Forest,1625.48,5,1.26
2006,1.6433192783513937,28.60356924326745,Ituri,Epulu,Okapi Wildlife Reserve,184.57,1.8457,-5.79,Hansen GFC / GFW / MODIS / VIIRS / GEDI / Sentinel-2,Parametric Change Detection & Spatial Clustering,0.93,2026-06-09,F-2006-1,2006,184.57,Moderate,Savannah,2860.85,1,9.16
2006,1.7319999415545377,28.61429573258003,Ituri,Mambasa,Okapi Wildlife Reserve,178.61,1.7861,-3.24,Hansen GFC / GFW / MODIS / VIIRS / GEDI / Sentinel-2,Parametric Change Detection & Spatial Clustering,0.97,2026-06-09,F-2006-2,2006,178.61,Moderate,Savannah,2768.48,1,9.83
2007,1.6215415333024952,28.558798587719235,Ituri,Epulu,Okapi Wildlife Reserve,76.17,0.7617,-3.35,Hansen GFC / GFW / MODIS / VIIRS / GEDI / Sentinel-2,Parametric Change Detection & Spatial Clustering,0.97,2026-06-09,F-2007-0,2007,76.17,Moderate,Savannah,1180.56,2,7.74
2007,1.7121771825408445,28.590227765143602,Ituri,Mambasa,Okapi Wildlife Reserve,204.86,2.0486,-7.18,Hansen GFC / GFW / MODIS / VIIRS / GEDI / Sentinel-2,Parametric Change Detection & Spatial Clustering,0.94,2026-06-09,F-2007-1,2007,204.86,Moderate,Degraded Forest,3175.27,2,1.53
2008,1.5386095294093227,28.608481548487568,Ituri,Epulu,Okapi Wildlife Reserve,165.66,1.6566,-6.01,Hansen GFC / GFW / MODIS / VIIRS / GEDI / Sentinel-2,Parametric Change Detection & Spatial Clustering,0.93,2026-06-09,F-2008-0,2008,165.66,Low,Degraded Forest,2567.66,2,5.14
2008,1.5881820903322539,28.575143500550748,Ituri,Mambasa,Okapi Wildlife Reserve,171.43,1.7143,-9.33,Hansen GFC / GFW / MODIS / VIIRS / GEDI / Sentinel-2,Parametric Change Detection & Spatial Clustering,0.87,2026-06-09,F-2008-1,2008,171.43,High,Savannah,2657.1,4,9.67
2008,1.7010477368324115,28.501900751508963,Ituri,Wamba,Okapi Wildlife Reserve,229.75,2.2975,-2.89,Hansen GFC / GFW / MODIS / VIIRS / GEDI / Sentinel-2,Parametric Change Detection & Spatial Clustering,0.93,2026-06-09,F-2008-2,2008,229.75,High,Savannah,3561.16,4,2.61
2008,1.7270612244096795,28.516993884556783,Ituri,Wamba,Okapi Wildlife Reserve,115.37,1.1537,-0.1,Hansen GFC / GFW / MODIS / VIIRS / GEDI / Sentinel-2,Parametric Change Detection & Spatial Clustering,0.88,2026-06-09,F-2008-3,2008,115.37,Moderate,Degraded Forest,1788.3,5,14.23
2008,1.591425339016955,28.66768757057866,Ituri,Epulu,Okapi Wildlife Reserve,224.4,2.244,7.49,Hansen GFC / GFW / MODIS / VIIRS / GEDI / Sentinel-2,Parametric Change Detection & Spatial Clustering,0.86,2026-06-09,F-2008-4,2008,224.4,Moderate,Primary Forest,3478.25,1,5.55
2009,1.6758207164610384,28.524641481231885,Ituri,Mambasa,Okapi Wildlife Reserve,160.59,1.6059,-9.77,Hansen GFC / GFW / MODIS / VIIRS / GEDI / Sentinel-2,Parametric Change Detection & Spatial Clustering,0.93,2026-06-09,F-2009-0,2009,160.59,Moderate,Savannah,2489.18,5,12.47
2009,1.663924597271461,28.49770976159708,Ituri,Mambasa,Okapi Wildlife Reserve,80.41,0.8041,-1.82,Hansen GFC / GFW / MODIS / VIIRS / GEDI / Sentinel-2,Parametric Change Detection & Spatial Clustering,0.97,2026-06-09,F-2009-1,2009,80.41,Low,Degraded Forest,1246.37,4,12.31
2009,1.566182815180629,28.650486538337823,Ituri,Epulu,Okapi Wildlife Reserve,99.06,0.9906,-9.38,Hansen GFC / GFW / MODIS / VIIRS / GEDI / Sentinel-2,Parametric Change Detection & Spatial Clustering,0.9,2026-06-09,F-2009-2,2009,99.06,High,Primary Forest,1535.51,5,9.23
2009,1.5709758269203367,28.59723054234522,Ituri,Wamba,Okapi Wildlife Reserve,187.22,1.8722,-9.44,Hansen GFC / GFW / MODIS / VIIRS / GEDI / Sentinel-2,Parametric Change Detection & Spatial Clustering,0.93,2026-06-09,F-2009-3,2009,187.22,High,Savannah,2901.9,2,7.66
2009,1.549086891198381,28.62234394502066,Ituri,Mambasa,Okapi Wildlife Reserve,100.13,1.0013,5.83,Hansen GFC / GFW / MODIS / VIIRS / GEDI / Sentinel-2,Parametric Change Detection & Spatial Clustering,0.9,2026-06-09,F-2009-4,2009,100.13,Moderate,Primary Forest,1551.94,1,11.03
2010,1.5682466916141407,28.588850001858596,Ituri,Epulu,Okapi Wildlife Reserve,157.23,1.5723,-2.2,Hansen GFC / GFW / MODIS / VIIRS / GEDI / Sentinel-2,Parametric Change Detection & Spatial Clustering,0.87,2026-06-09,F-2010-0,2010,157.23,High,Primary Forest,2437.0,2,3.86
2010,1.6272972598931903,28.558796531949373,Ituri,Mambasa,Okapi Wildlife Reserve,178.18,1.7818,-2.11,Hansen GFC / GFW / MODIS / VIIRS / GEDI / Sentinel-2,Parametric Change Detection & Spatial Clustering,0.88,2026-06-09,F-2010-1,2010,178.18,Low,Degraded Forest,2761.74,5,6.8
2010,1.6303804898215377,28.56090931668487,Ituri,Epulu,Okapi Wildlife Reserve,211.39,2.1139,2.48,Hansen GFC / GFW / MODIS / VIIRS / GEDI / Sentinel-2,Parametric Change Detection & Spatial Clustering,0.97,2026-06-09,F-2010-2,2010,211.39,High,Degraded Forest,3276.53,1,1.13
2010,1.5972507329781407,28.5108893890992,Ituri,Mambasa,Okapi Wildlife Reserve,86.95,0.8695,9.82,Hansen GFC / GFW / MODIS / VIIRS / GEDI / Sentinel-2,Parametric Change Detection & Spatial Clustering,0.9,2026-06-09,F-2010-3,2010,86.95,Moderate,Primary Forest,1347.67,2,8.5
2010,1.611776000668104,28.551312158733843,Ituri,Mambasa,Okapi Wildlife Reserve,54.34,0.5434,-9.0,Hansen GFC / GFW / MODIS / VIIRS / GEDI / Sentinel-2,Parametric Change Detection & Spatial Clustering,0.89,2026-06-09,F-2010-4,2010,54.34,Moderate,Savannah,842.21,3,12.7
2011,1.6808710253017807,28.655654556836627,Ituri,Epulu,Okapi Wildlife Reserve,161.18,1.6118,-3.9,Hansen GFC / GFW / MODIS / VIIRS / GEDI / Sentinel-2,Parametric Change Detection & Spatial Clustering,0.86,2026-06-09,F-2011-0,2011,161.18,High,Primary Forest,2498.3,2,10.03
2011,1.556096498120271,28.6691135716771,Ituri,Mambasa,Okapi Wildlife Reserve,176.99,1.7699,-9.64,Hansen GFC / GFW / MODIS / VIIRS / GEDI / Sentinel-2,Parametric Change Detection & Spatial Clustering,0.91,2026-06-09,F-2011-1,2011,176.99,Moderate,Primary Forest,2743.32,3,13.54
2011,1.6771624954734408,28.66222235134368,Ituri,Wamba,Okapi Wildlife Reserve,67.37,0.6737,0.29,Hansen GFC / GFW / MODIS / VIIRS / GEDI / Sentinel-2,Parametric Change Detection & Spatial Clustering,0.87,2026-06-09,F-2011-2,2011,67.37,Low,Primary Forest,1044.19,2,1.25
2011,1.671808852489152,28.57241329198197,Ituri,Wamba,Okapi Wildlife Reserve,212.28,2.1228,3.35,Hansen GFC / GFW / MODIS / VIIRS / GEDI / Sentinel-2,Parametric Change Detection & Spatial Clustering,0.9,2026-06-09,F-2011-3,2011,212.28,High,Primary Forest,3290.32,5,11.16
2011,1.6644669672670855,28.518448082568018,Ituri,Wamba,Okapi Wildlife Reserve,60.83,0.6083,-9.71,Hansen GFC / GFW / MODIS / VIIRS / GEDI / Sentinel-2,Parametric Change Detection & Spatial Clustering,0.9,2026-06-09,F-2011-4,2011,60.83,Low,Degraded Forest,942.85,1,9.95
2011,1.6974670933633487,28.49232918482108,Ituri,Mambasa,Okapi Wildlife Reserve,220.85,2.2085,-6.1,Hansen GFC / GFW / MODIS / VIIRS / GEDI / Sentinel-2,Parametric Change Detection & Spatial Clustering,0.87,2026-06-09,F-2011-5,2011,220.85,Low,Savannah,3423.21,4,1.83
2011,1.6703393295276099,28.513601893272657,Ituri,Wamba,Okapi Wildlife Reserve,58.48,0.5848,1.66,Hansen GFC / GFW / MODIS / VIIRS / GEDI / Sentinel-2,Parametric Change Detection & Spatial Clustering,0.87,2026-06-09,F-2011-6,2011,58.48,Moderate,Savannah,906.51,5,2.67
2012,1.6908831321139839,28.6402936754807,Ituri,Wamba,Okapi Wildlife Reserve,238.71,2.3871,-3.95,Hansen GFC / GFW / MODIS / VIIRS / GEDI / Sentinel-2,Parametric Change Detection & Spatial Clustering,0.93,2026-06-09,F-2012-0,2012,238.71,Low,Savannah,3700.06,2,11.89
2012,1.547861276127379,28.559001607566532,Ituri,Mambasa,Okapi Wildlife Reserve,81.79,0.8179,-5.15,Hansen GFC / GFW / MODIS / VIIRS / GEDI / Sentinel-2,Parametric Change Detection & Spatial Clustering,0.85,2026-06-09,F-2012-1,2012,81.79,High,Degraded Forest,1267.75,2,1.41
2012,1.5356757294668688,28.647735065107664,Ituri,Epulu,Okapi Wildlife Reserve,83.17,0.8317,-0.05,Hansen GFC / GFW / MODIS / VIIRS / GEDI / Sentinel-2,Parametric Change Detection & Spatial Clustering,0.91,2026-06-09,F-2012-2,2012,83.17,High,Degraded Forest,1289.11,1,9.41
2012,1.5926946518404739,28.65283323474271,Ituri,Mambasa,Okapi Wildlife Reserve,177.67,1.7767,-4.52,Hansen GFC / GFW / MODIS / VIIRS / GEDI / Sentinel-2,Parametric Change Detection & Spatial Clustering,0.94,2026-06-09,F-2012-3,2012,177.67,Moderate,Savannah,2753.88,5,8.97
2012,1.6332627614723938,28.662636328669894,Ituri,Mambasa,Okapi Wildlife Reserve,102.63,1.0263,-5.93,Hansen GFC / GFW / MODIS / VIIRS / GEDI / Sentinel-2,Parametric Change Detection & Spatial Clustering,0.96,2026-06-09,F-2012-4,2012,102.63,Moderate,Savannah,1590.74,4,1.11
2012,1.7007874891922632,28.63819446591436,Ituri,Epulu,Okapi Wildlife Reserve,210.38,2.1038,5.9,Hansen GFC / GFW / MODIS / VIIRS / GEDI / Sentinel-2,Parametric Change Detection & Spatial Clustering,0.93,2026-06-09,F-2012-5,2012,210.38,Low,Primary Forest,3260.87,1,3.44
2012,1.6058142352910367,28.596214726747238,Ituri,Epulu,Okapi Wildlife Reserve,136.31,1.3631,-9.5,Hansen GFC / GFW / MODIS / VIIRS / GEDI / Sentinel-2,Parametric Change Detection & Spatial Clustering,0.93,2026-06-09,F-2012-6,2012,136.31,High,Savannah,2112.76,2,12.81
2012,1.5342654860542917,28.580805479894476,Ituri,Epulu,Okapi Wildlife Reserve,120.88,1.2088,-4.51,Hansen GFC / GFW / MODIS / VIIRS / GEDI / Sentinel-2,Parametric Change Detection & Spatial Clustering,0.96,2026-06-09,F-2012-7,2012,120.88,Moderate,Degraded Forest,1873.63,3,8.2
2013,1.5700011159661622,28.61302099331119,Ituri,Wamba,Okapi Wildlife Reserve,147.39,1.4739,2.1,Hansen GFC / GFW / MODIS / VIIRS / GEDI / Sentinel-2,Parametric Change Detection & Spatial Clustering,0.87,2026-06-09,F-2013-0,2013,147.39,Low,Primary Forest,2284.57,1,14.81
2013,1.7017486858022473,28.593544391340828,Ituri,Mambasa,Okapi Wildlife Reserve,173.35,1.7335,8.68,Hansen GFC / GFW / MODIS / VIIRS / GEDI / Sentinel-2,Parametric Change Detection & Spatial Clustering,0.93,2026-06-09,F-2013-1,2013,173.35,Low,Degraded Forest,2686.99,2,13.31
2013,1.6372064426083883,28.62928258645589,Ituri,Mambasa,Okapi Wildlife Reserve,96.41,0.9641,3.18,Hansen GFC / GFW / MODIS / VIIRS / GEDI / Sentinel-2,Parametric Change Detection & Spatial Clustering,0.87,2026-06-09,F-2013-2,2013,96.41,Moderate,Savannah,1494.4,1,9.18
2013,1.620978266214661,28.654195971231875,Ituri,Wamba,Okapi Wildlife Reserve,245.31,2.4531,3.75,Hansen GFC / GFW / MODIS / VIIRS / GEDI / Sentinel-2,Parametric Change Detection & Spatial Clustering,0.94,2026-06-09,F-2013-3,2013,245.31,Moderate,Savannah,3802.27,1,13.57
2013,1.621860650516743,28.575770651681996,Ituri,Mambasa,Okapi Wildlife Reserve,93.49,0.9349,-7.9,Hansen GFC / GFW / MODIS / VIIRS / GEDI / Sentinel-2,Parametric Change Detection & Spatial Clustering,0.91,2026-06-09,F-2013-4,2013,93.49,High,Primary Forest,1449.09,5,12.3
2013,1.5695159959884786,28.568934427928244,Ituri,Mambasa,Okapi Wildlife Reserve,103.29,1.0329,3.02,Hansen GFC / GFW / MODIS / VIIRS / GEDI / Sentinel-2,Parametric Change Detection & Spatial Clustering,0.96,2026-06-09,F-2013-5,2013,103.29,High,Degraded Forest,1601.02,1,7.26
2013,1.5337364924003074,28.670183783912886,Ituri,Wamba,Okapi Wildlife Reserve,144.77,1.4477,-0.88,Hansen GFC / GFW / MODIS / VIIRS / GEDI / Sentinel-2,Parametric Change Detection & Spatial Clustering,0.95,2026-06-09,F-2013-6,2013,144.77,Low,Savannah,2243.95,2,13.32
2013,1.6513721857925363,28.617161969217126,Ituri,Mambasa,Okapi Wildlife Reserve,106.85,1.0685,-3.28,Hansen GFC / GFW / MODIS / VIIRS / GEDI / Sentinel-2,Parametric Change Detection & Spatial Clustering,0.96,2026-06-09,F-2013-7,2013,106.85,Moderate,Primary Forest,1656.25,2,5.76
2014,1.6002692463966157,28.569876045278008,Ituri,Wamba,Okapi Wildlife Reserve,108.47,1.0847,1.62,Hansen GFC / GFW / MODIS / VIIRS / GEDI / Sentinel-2,Parametric Change Detection & Spatial Clustering,0.85,2026-06-09,F-2014-0,2014,108.47,Moderate,Primary Forest,1681.3,5,3.19
2014,1.732239554928289,28.546253455814245,Ituri,Wamba,Okapi Wildlife Reserve,215.94,2.1594,-0.02,Hansen GFC / GFW / MODIS / VIIRS / GEDI / Sentinel-2,Parametric Change Detection & Spatial Clustering,0.87,2026-06-09,F-2014-1,2014,215.94,Moderate,Primary Forest,3347.03,2,6.62
2015,1.713466392108891,28.50924838133322,Ituri,Wamba,Okapi Wildlife Reserve,94.61,0.9461,-8.29,Hansen GFC / GFW / MODIS / VIIRS / GEDI / Sentinel-2,Parametric Change Detection & Spatial Clustering,0.94,2026-06-09,F-2015-0,2015,94.61,Moderate,Primary Forest,1466.49,1,1.22
2015,1.7176048994357782,28.5603731078893,Ituri,Wamba,Okapi Wildlife Reserve,190.11,1.9011,-3.54,Hansen GFC / GFW / MODIS / VIIRS / GEDI / Sentinel-2,Parametric Change Detection & Spatial Clustering,0.9,2026-06-09,F-2015-1,2015,190.11,Low,Savannah,2946.64,2,7.11
2016,1.6614198225595698,28.570009164909525,Ituri,Epulu,Okapi Wildlife Reserve,66.44,0.6644,2.25,Hansen GFC / GFW / MODIS / VIIRS / GEDI / Sentinel-2,Parametric Change Detection & Spatial Clustering,0.88,2026-06-09,F-2016-0,2016,66.44,Moderate,Savannah,1029.76,5,2.39
2016,1.629837237355842,28.565275114882265,Ituri,Epulu,Okapi Wildlife Reserve,213.29,2.1329,4.65,Hansen GFC / GFW / MODIS / VIIRS / GEDI / Sentinel-2,Parametric Change Detection & Spatial Clustering,0.9,2026-06-09,F-2016-1,2016,213.29,Moderate,Primary Forest,3305.99,3,4.36
2016,1.7215015585909956,28.609899728716265,Ituri,Epulu,Okapi Wildlife Reserve,185.97,1.8597,3.62,Hansen GFC / GFW / MODIS / VIIRS / GEDI / Sentinel-2,Parametric Change Detection & Spatial Clustering,0.88,2026-06-09,F-2016-2,2016,185.97,High,Savannah,2882.51,3,3.54
2016,1.6034650726047843,28.625699362438763,Ituri,Epulu,Okapi Wildlife Reserve,57.64,0.5764,3.28,Hansen GFC / GFW / MODIS / VIIRS / GEDI / Sentinel-2,Parametric Change Detection & Spatial Clustering,0.88,2026-06-09,F-2016-3,2016,57.64,Low,Degraded Forest,893.38,4,5.41
2017,1.5619674739362421,28.532937979077257,Ituri,Wamba,Okapi Wildlife Reserve,234.26,2.3426,-1.76,Hansen GFC / GFW / MODIS / VIIRS / GEDI / Sentinel-2,Parametric Change Detection & Spatial Clustering,0.92,2026-06-09,F-2017-0,2017,234.26,Low,Primary Forest,3631.11,1,6.56
2017,1.5887568178155091,28.67901143740949,Ituri,Mambasa,Okapi Wildlife Reserve,190.85,1.9085,-3.66,Hansen GFC / GFW / MODIS / VIIRS / GEDI / Sentinel-2,Parametric Change Detection & Spatial Clustering,0.95,2026-06-09,F-2017-1,2017,190.85,Moderate,Primary Forest,2958.16,1,10.15
2017,1.7256676821808796,28.681288171383283,Ituri,Wamba,Okapi Wildlife Reserve,91.0,0.91,-5.76,Hansen GFC / GFW / MODIS / VIIRS / GEDI / Sentinel-2,Parametric Change Detection & Spatial Clustering,0.91,2026-06-09,F-2017-2,2017,91.0,Low,Primary Forest,1410.53,4,6.95
2017,1.5753667443626846,28.512669670616027,Ituri,Epulu,Okapi Wildlife Reserve,115.39,1.1539,-5.93,Hansen GFC / GFW / MODIS / VIIRS / GEDI / Sentinel-2,Parametric Change Detection & Spatial Clustering,0.85,2026-06-09,F-2017-3,2017,115.39,Low,Savannah,1788.5,5,9.34
2018,1.69659440598235,28.563008869258027,Ituri,Mambasa,Okapi Wildlife Reserve,110.79,1.1079,7.82,Hansen GFC / GFW / MODIS / VIIRS / GEDI / Sentinel-2,Parametric Change Detection & Spatial Clustering,0.9,2026-06-09,F-2018-0,2018,110.79,Moderate,Primary Forest,1717.18,4,13.8
2018,1.586461721421355,28.597114035903655,Ituri,Wamba,Okapi Wildlife Reserve,69.28,0.6928,-4.38,Hansen GFC / GFW / MODIS / VIIRS / GEDI / Sentinel-2,Parametric Change Detection & Spatial Clustering,0.89,2026-06-09,F-2018-1,2018,69.28,High,Savannah,1073.78,3,7.64
2019,1.5569588315751002,28.67439736212926,Ituri,Epulu,Okapi Wildlife Reserve,68.57,0.6857,9.25,Hansen GFC / GFW / MODIS / VIIRS / GEDI / Sentinel-2,Parametric Change Detection & Spatial Clustering,0.87,2026-06-09,F-2019-0,2019,68.57,Moderate,Savannah,1062.85,5,11.11
2019,1.7076550586477526,28.563709765568134,Ituri,Epulu,Okapi Wildlife Reserve,209.8,2.098,1.72,Hansen GFC / GFW / MODIS / VIIRS / GEDI / Sentinel-2,Parametric Change Detection & Spatial Clustering,0.86,2026-06-09,F-2019-1,2019,209.8,Low,Savannah,3251.84,1,14.21
2019,1.623827764103467,28.51038908689445,Ituri,Epulu,Okapi Wildlife Reserve,86.7,0.867,5.81,Hansen GFC / GFW / MODIS / VIIRS / GEDI / Sentinel-2,Parametric Change Detection & Spatial Clustering,0.94,2026-06-09,F-2019-2,2019,86.7,High,Savannah,1343.77,3,3.34
2019,1.7332063232256751,28.541519816256606,Ituri,Mambasa,Okapi Wildlife Reserve,200.85,2.0085,-5.24,Hansen GFC / GFW / MODIS / VIIRS / GEDI / Sentinel-2,Parametric Change Detection & Spatial Clustering,0.92,2026-06-09,F-2019-3,2019,200.85,Moderate,Primary Forest,3113.25,4,5.01
2020,1.6747780298615886,28.617134723201282,Ituri,Wamba,Okapi Wildlife Reserve,242.93,2.4293,9.68,Hansen GFC / GFW / MODIS / VIIRS / GEDI / Sentinel-2,Parametric Change Detection & Spatial Clustering,0.95,2026-06-09,F-2020-0,2020,242.93,Moderate,Primary Forest,3765.46,2,12.4
2020,1.6692324976261006,28.543935646507432,Ituri,Wamba,Okapi Wildlife Reserve,239.8,2.398,8.7,Hansen GFC / GFW / MODIS / VIIRS / GEDI / Sentinel-2,Parametric Change Detection & Spatial Clustering,0.89,2026-06-09,F-2020-1,2020,239.8,Moderate,Savannah,3716.9,1,3.33
2021,1.7183888894553787,28.55960644968336,Ituri,Wamba,Okapi Wildlife Reserve,186.35,1.8635,-3.95,Hansen GFC / GFW / MODIS / VIIRS / GEDI / Sentinel-2,Parametric Change Detection & Spatial Clustering,0.91,2026-06-09,F-2021-0,2021,186.35,Moderate,Savannah,2888.37,5,7.35
2021,1.5523149989324472,28.604007673290315,Ituri,Wamba,Okapi Wildlife Reserve,67.99,0.6799,-8.34,Hansen GFC / GFW / MODIS / VIIRS / GEDI / Sentinel-2,Parametric Change Detection & Spatial Clustering,0.9,2026-06-09,F-2021-1,2021,67.99,High,Degraded Forest,1053.78,5,12.16
2021,1.7197766179064145,28.512092911273847,Ituri,Mambasa,Okapi Wildlife Reserve,122.03,1.2203,-3.93,Hansen GFC / GFW / MODIS / VIIRS / GEDI / Sentinel-2,Parametric Change Detection & Spatial Clustering,0.88,2026-06-09,F-2021-2,2021,122.03,Low,Degraded Forest,1891.4,2,5.79
2021,1.7157357513425309,28.538456398695292,Ituri,Mambasa,Okapi Wildlife Reserve,93.94,0.9394,3.12,Hansen GFC / GFW / MODIS / VIIRS / GEDI / Sentinel-2,Parametric Change Detection & Spatial Clustering,0.96,2026-06-09,F-2021-3,2021,93.94,Low,Degraded Forest,1456.03,5,9.62
2021,1.6752274145332702,28.61970276222165,Ituri,Mambasa,Okapi Wildlife Reserve,216.66,2.1666,-3.75,Hansen GFC / GFW / MODIS / VIIRS / GEDI / Sentinel-2,Parametric Change Detection & Spatial Clustering,0.91,2026-06-09,F-2021-4,2021,216.66,Low,Degraded Forest,3358.18,4,14.81
2021,1.5692425011726123,28.53384462166263,Ituri,Mambasa,Okapi Wildlife Reserve,187.3,1.873,-9.63,Hansen GFC / GFW / MODIS / VIIRS / GEDI / Sentinel-2,Parametric Change Detection & Spatial Clustering,0.98,2026-06-09,F-2021-5,2021,187.3,Low,Degraded Forest,2903.13,5,8.8
2021,1.6935936482978242,28.593371267851296,Ituri,Wamba,Okapi Wildlife Reserve,99.18,0.9918,-9.44,Hansen GFC / GFW / MODIS / VIIRS / GEDI / Sentinel-2,Parametric Change Detection & Spatial Clustering,0.88,2026-06-09,F-2021-6,2021,99.18,Moderate,Savannah,1537.28,4,1.38
2021,1.6844486995451884,28.507129171669,Ituri,Wamba,Okapi Wildlife Reserve,203.63,2.0363,8.23,Hansen GFC / GFW / MODIS / VIIRS / GEDI / Sentinel-2,Parametric Change Detection & Spatial Clustering,0.9,2026-06-09,F-2021-7,2021,203.63,Low,Degraded Forest,3156.32,3,1.6
2022,1.6677690391223663,28.57856783047487,Ituri,Wamba,Okapi Wildlife Reserve,100.48,1.0048,-4.69,Hansen GFC / GFW / MODIS / VIIRS / GEDI / Sentinel-2,Parametric Change Detection & Spatial Clustering,0.86,2026-06-09,F-2022-0,2022,100.48,High,Degraded Forest,1557.4,4,1.23
2022,1.620986860998428,28.55037892365496,Ituri,Epulu,Okapi Wildlife Reserve,181.15,1.8115,1.15,Hansen GFC / GFW / MODIS / VIIRS / GEDI / Sentinel-2,Parametric Change Detection & Spatial Clustering,0.89,2026-06-09,F-2022-1,2022,181.15,Low,Savannah,2807.76,4,2.33
2022,1.7256898288476727,28.6128966929642,Ituri,Mambasa,Okapi Wildlife Reserve,111.2,1.112,-6.3,Hansen GFC / GFW / MODIS / VIIRS / GEDI / Sentinel-2,Parametric Change Detection & Spatial Clustering,0.9,2026-06-09,F-2022-2,2022,111.2,Low,Savannah,1723.59,2,13.27
2023,1.5788765775266018,28.504683899378087,Ituri,Wamba,Okapi Wildlife Reserve,80.42,0.8042,9.96,Hansen GFC / GFW / MODIS / VIIRS / GEDI / Sentinel-2,Parametric Change Detection & Spatial Clustering,0.97,2026-06-09,F-2023-0,2023,80.42,High,Savannah,1246.48,3,6.84
2023,1.549804503335859,28.65175955550675,Ituri,Epulu,Okapi Wildlife Reserve,170.1,1.701,-3.26,Hansen GFC / GFW / MODIS / VIIRS / GEDI / Sentinel-2,Parametric Change Detection & Spatial Clustering,0.89,2026-06-09,F-2023-1,2023,170.1,High,Degraded Forest,2636.55,3,10.34
2023,1.7274524430338207,28.488787352935237,Ituri,Mambasa,Okapi Wildlife Reserve,237.61,2.3761,9.66,Hansen GFC / GFW / MODIS / VIIRS / GEDI / Sentinel-2,Parametric Change Detection & Spatial Clustering,0.9,2026-06-09,F-2023-2,2023,237.61,High,Savannah,3682.9,2,8.08
2024,1.59461371802467,28.512109197396846,Ituri,Epulu,Okapi Wildlife Reserve,134.2,1.342,8.74,Hansen GFC / GFW / MODIS / VIIRS / GEDI / Sentinel-2,Parametric Change Detection & Spatial Clustering,0.97,2026-06-09,F-2024-0,2024,134.2,High,Degraded Forest,2080.15,4,4.39
2024,1.6675642450735502,28.489341097247493,Ituri,Epulu,Okapi Wildlife Reserve,181.94,1.8194,1.83,Hansen GFC / GFW / MODIS / VIIRS / GEDI / Sentinel-2,Parametric Change Detection & Spatial Clustering,0.88,2026-06-09,F-2024-1,2024,181.94,Moderate,Primary Forest,2820.07,1,8.31
2024,1.6968856775252386,28.59917728378623,Ituri,Mambasa,Okapi Wildlife Reserve,128.8,1.288,-6.93,Hansen GFC / GFW / MODIS / VIIRS / GEDI / Sentinel-2,Parametric Change Detection & Spatial Clustering,0.92,2026-06-09,F-2024-2,2024,128.8,Low,Savannah,1996.36,4,11.64
2024,1.60534888455555,28.65173409173922,Ituri,Mambasa,Okapi Wildlife Reserve,243.59,2.4359,5.14,Hansen GFC / GFW / MODIS / VIIRS / GEDI / Sentinel-2,Parametric Change Detection & Spatial Clustering,0.95,2026-06-09,F-2024-3,2024,243.59,High,Degraded Forest,3775.62,2,8.88
2024,1.558760993401916,28.679170915960718,Ituri,Mambasa,Okapi Wildlife Reserve,108.63,1.0863,-3.36,Hansen GFC / GFW / MODIS / VIIRS / GEDI / Sentinel-2,Parametric Change Detection & Spatial Clustering,0.96,2026-06-09,F-2024-4,2024,108.63,High,Primary Forest,1683.69,1,6.1
2025,1.689369182182039,28.64385868198104,Ituri,Wamba,Okapi Wildlife Reserve,159.28,1.5928,-3.16,Hansen GFC / GFW / MODIS / VIIRS / GEDI / Sentinel-2,Parametric Change Detection & Spatial Clustering,0.91,2026-06-09,F-2025-0,2025,159.28,Moderate,Primary Forest,2468.77,3,14.99
2025,1.6277346516800542,28.588605267011346,Ituri,Mambasa,Okapi Wildlife Reserve,171.76,1.7176,1.76,Hansen GFC / GFW / MODIS / VIIRS / GEDI / Sentinel-2,Parametric Change Detection & Spatial Clustering,0.87,2026-06-09,F-2025-1,2025,171.76,High,Degraded Forest,2662.27,1,11.64
2025,1.6079131068155563,28.58741216485107,Ituri,Epulu,Okapi Wildlife Reserve,226.33,2.2633,-9.94,Hansen GFC / GFW / MODIS / VIIRS / GEDI / Sentinel-2,Parametric Change Detection & Spatial Clustering,0.95,2026-06-09,F-2025-2,2025,226.33,Low,Savannah,3508.09,5,9.24
2026,1.5537439741224315,28.524956562454452,Ituri,Mambasa,Okapi Wildlife Reserve,93.98,0.9398,-5.83,Hansen GFC / GFW / MODIS / VIIRS / GEDI / Sentinel-2,Parametric Change Detection & Spatial Clustering,0.88,2026-06-09,F-2026-0,2026,93.98,High,Savannah,1456.66,3,7.51
2026,1.6080002679719763,28.48669344591186,Ituri,Epulu,Okapi Wildlife Reserve,110.82,1.1082,7.66,Hansen GFC / GFW / MODIS / VIIRS / GEDI / Sentinel-2,Parametric Change Detection & Spatial Clustering,0.92,2026-06-09,F-2026-1,2026,110.82,Low,Savannah,1717.72,2,10.92
2026,1.7274428635507428,28.487050450019954,Ituri,Wamba,Okapi Wildlife Reserve,177.13,1.7713,7.78,Hansen GFC / GFW / MODIS / VIIRS / GEDI / Sentinel-2,Parametric Change Detection & Spatial Clustering,0.91,2026-06-09,F-2026-2,2026,177.13,Low,Savannah,2745.57,1,2.97
2026,1.6156157533203748,28.594168377656544,Ituri,Epulu,Okapi Wildlife Reserve,65.9,0.659,-7.89,Hansen GFC / GFW / MODIS / VIIRS / GEDI / Sentinel-2,Parametric Change Detection & Spatial Clustering,0.93,2026-06-09,F-2026-3,2026,65.9,Moderate,Primary Forest,1021.47,1,10.88
2026,1.5412285765500966,28.619632590915042,Ituri,Wamba,Okapi Wildlife Reserve,59.43,0.5943,-1.09,Hansen GFC / GFW / MODIS / VIIRS / GEDI / Sentinel-2,Parametric Change Detection & Spatial Clustering,0.95,2026-06-09,F-2026-4,2026,59.43,Moderate,Degraded Forest,921.16,3,13.92
2026,1.563890999903121,28.64148190025814,Ituri,Mambasa,Okapi Wildlife Reserve,95.03,0.9503,0.36,Hansen GFC / GFW / MODIS / VIIRS / GEDI / Sentinel-2,Parametric Change Detection & Spatial Clustering,0.96,2026-06-09,F-2026-5,2026,95.03,Moderate,Savannah,1473.04,3,10.44
2026,1.6571373415585087,28.535773882800825,Ituri,Epulu,Okapi Wildlife Reserve,229.58,2.2958,-8.2,Hansen GFC / GFW / MODIS / VIIRS / GEDI / Sentinel-2,Parametric Change Detection & Spatial Clustering,0.89,2026-06-09,F-2026-6,2026,229.58,Moderate,Savannah,3558.46,3,9.69
2026,1.6710846048797465,28.5361892546862,Ituri,Wamba,Okapi Wildlife Reserve,73.02,0.7302,4.69,Hansen GFC / GFW / MODIS / VIIRS / GEDI / Sentinel-2,Parametric Change Detection & Spatial Clustering,0.87,2026-06-09,F-2026-7,2026,73.02,Low,Savannah,1131.81,3,8.04
2027,1.6402532307692632,28.512777927351205,Ituri,Epulu,Okapi Wildlife Reserve,183.74,1.8374,-9.97,Hansen GFC / GFW / MODIS / VIIRS / GEDI / Sentinel-2,Parametric Change Detection & Spatial Clustering,0.91,2026-06-09,F-2027-0,2027,183.74,Low,Savannah,2847.95,1,7.92
2027,1.694731042654537,28.487687639605046,Ituri,Mambasa,Okapi Wildlife Reserve,100.86,1.0086,5.98,Hansen GFC / GFW / MODIS / VIIRS / GEDI / Sentinel-2,Parametric Change Detection & Spatial Clustering,0.89,2026-06-09,F-2027-1,2027,100.86,Moderate,Savannah,1563.26,2,10.47
2027,1.586242643320405,28.53656385968994,Ituri,Mambasa,Okapi Wildlife Reserve,155.17,1.5517,-7.56,Hansen GFC / GFW / MODIS / VIIRS / GEDI / Sentinel-2,Parametric Change Detection & Spatial Clustering,0.97,2026-06-09,F-2027-2,2027,155.17,Moderate,Primary Forest,2405.1,5,8.36
2027,1.5743976778854984,28.488811402835328,Ituri,Wamba,Okapi Wildlife Reserve,66.03,0.6603,9.87,Hansen GFC / GFW / MODIS / VIIRS / GEDI / Sentinel-2,Parametric Change Detection & Spatial Clustering,0.86,2026-06-09,F-2027-3,2027,66.03,Moderate,Savannah,1023.43,1,13.04
2027,1.537700085063149,28.527023215926448,Ituri,Epulu,Okapi Wildlife Reserve,103.64,1.0364,-4.03,Hansen GFC / GFW / MODIS / VIIRS / GEDI / Sentinel-2,Parametric Change Detection & Spatial Clustering,0.93,2026-06-09,F-2027-4,2027,103.64,High,Primary Forest,1606.43,5,1.13
2027,1.7111282085219592,28.549740983014757,Ituri,Epulu,Okapi Wildlife Reserve,73.33,0.7333,-9.24,Hansen GFC / GFW / MODIS / VIIRS / GEDI / Sentinel-2,Parametric Change Detection & Spatial Clustering,0.96,2026-06-09,F-2027-5,2027,73.33,High,Degraded Forest,1136.66,2,13.2
2027,1.6942266573630602,28.605709185817453,Ituri,Wamba,Okapi Wildlife Reserve,229.43,2.2943,-6.67,Hansen GFC / GFW / MODIS / VIIRS / GEDI / Sentinel-2,Parametric Change Detection & Spatial Clustering,0.94,2026-06-09,F-2027-6,2027,229.43,Moderate,Primary Forest,3556.1,2,2.8
2027,1.7067417891700036,28.652232537557122,Ituri,Mambasa,Okapi Wildlife Reserve,195.83,1.9583,1.78,Hansen GFC / GFW / MODIS / VIIRS / GEDI / Sentinel-2,Parametric Change Detection & Spatial Clustering,0.98,2026-06-09,F-2027-7,2027,195.83,High,Primary Forest,3035.32,4,11.36
2028,1.5384651473082502,28.623835315613952,Ituri,Mambasa,Okapi Wildlife Reserve,207.22,2.0722,7.29,Hansen GFC / GFW / MODIS / VIIRS / GEDI / Sentinel-2,Parametric Change Detection & Spatial Clustering,0.97,2026-06-09,F-2028-0,2028,207.22,Low,Degraded Forest,3211.87,4,9.2
2028,1.5609502227882341,28.66680550193006,Ituri,Epulu,Okapi Wildlife Reserve,151.1,1.511,-9.44,Hansen GFC / GFW / MODIS / VIIRS / GEDI / Sentinel-2,Parametric Change Detection & Spatial Clustering,0.89,2026-06-09,F-2028-1,2028,151.1,Low,Primary Forest,2342.1,5,8.18
2028,1.5854430339816676,28.668129272396033,Ituri,Mambasa,Okapi Wildlife Reserve,82.87,0.8287,7.37,Hansen GFC / GFW / MODIS / VIIRS / GEDI / Sentinel-2,Parametric Change Detection & Spatial Clustering,0.92,2026-06-09,F-2028-2,2028,82.87,High,Degraded Forest,1284.45,3,5.99
2028,1.6733210863637764,28.512740391171302,Ituri,Mambasa,Okapi Wildlife Reserve,98.93,0.9893,8.99,Hansen GFC / GFW / MODIS / VIIRS / GEDI / Sentinel-2,Parametric Change Detection & Spatial Clustering,0.91,2026-06-09,F-2028-3,2028,98.93,High,Primary Forest,1533.4,1,14.71
2028,1.724350776409048,28.521111086223165,Ituri,Mambasa,Okapi Wildlife Reserve,215.54,2.1554,8.89,Hansen GFC / GFW / MODIS / VIIRS / GEDI / Sentinel-2,Parametric Change Detection & Spatial Clustering,0.93,2026-06-09,F-2028-4,2028,215.54,Low,Primary Forest,3340.84,4,1.28
2028,1.6437498312048915,28.652460490315004,Ituri,Mambasa,Okapi Wildlife Reserve,93.43,0.9343,4.15,Hansen GFC / GFW / MODIS / VIIRS / GEDI / Sentinel-2,Parametric Change Detection & Spatial Clustering,0.91,2026-06-09,F-2028-5,2028,93.43,Moderate,Savannah,1448.14,5,11.82
2029,1.6672067757794284,28.590288646523987,Ituri,Wamba,Okapi Wildlife Reserve,220.46,2.2046,-3.11,Hansen GFC / GFW / MODIS / VIIRS / GEDI / Sentinel-2,Parametric Change Detection & Spatial Clustering,0.94,2026-06-09,F-2029-0,2029,220.46,High,Degraded Forest,3417.13,1,5.47
2029,1.6579456769830985,28.527120709064846,Ituri,Wamba,Okapi Wildlife Reserve,240.37,2.4037,-8.87,Hansen GFC / GFW / MODIS / VIIRS / GEDI / Sentinel-2,Parametric Change Detection & Spatial Clustering,0.87,2026-06-09,F-2029-1,2029,240.37,Moderate,Savannah,3725.68,3,4.57
2030,1.6143298605174856,28.56179090680691,Ituri,Wamba,Okapi Wildlife Reserve,206.11,2.0611,8.35,Hansen GFC / GFW / MODIS / VIIRS / GEDI / Sentinel-2,Parametric Change Detection & Spatial Clustering,0.87,2026-06-09,F-2030-0,2030,206.11,Low,Savannah,3194.78,4,14.53
2030,1.6088756336390906,28.58284088371134,Ituri,Mambasa,Okapi Wildlife Reserve,146.04,1.4604,-0.21,Hansen GFC / GFW / MODIS / VIIRS / GEDI / Sentinel-2,Parametric Change Detection & Spatial Clustering,0.93,2026-06-09,F-2030-1,2030,146.04,Moderate,Degraded Forest,2263.68,5,1.14
