year,latitude,longitude,province,territory,zone_name,area_ha,area_km2,percent_change,source_dataset,analysis_method,confidence_level,date_processed,hotspot_id,year_detected,logging_area_ha,logging_density,distance_to_road,forest_type,suspected_illegal_activity,hotspot_risk_level
2000,1.9263187052325832,29.75067675139622,Ituri,Mambasa,Okapi Wildlife Reserve,39.74,0,0,Hansen GFC / GFW / MODIS / VIIRS / GEDI / Sentinel-2,Parametric Change Detection & Spatial Clustering,0.97,2026-06-09,L-2000-000,2000,39.74,Low,2.0,Primary Tropical Forest,True,5
2000,2.098480655548572,28.646605130336898,Ituri,Wamba,Okapi Wildlife Reserve,38.12,0,0,Hansen GFC / GFW / MODIS / VIIRS / GEDI / Sentinel-2,Parametric Change Detection & Spatial Clustering,0.96,2026-06-09,L-2000-001,2000,38.12,Low,3.88,Primary Tropical Forest,True,3
2000,2.1688723922602904,28.134511894298228,Ituri,Epulu,Okapi Wildlife Reserve,29.15,0,0,Hansen GFC / GFW / MODIS / VIIRS / GEDI / Sentinel-2,Parametric Change Detection & Spatial Clustering,0.9,2026-06-09,L-2000-002,2000,29.15,Low,2.79,Primary Tropical Forest,True,3
2000,2.3565033817974284,29.057742270675053,Ituri,Wamba,Okapi Wildlife Reserve,48.85,0,0,Hansen GFC / GFW / MODIS / VIIRS / GEDI / Sentinel-2,Parametric Change Detection & Spatial Clustering,0.9,2026-06-09,L-2000-003,2000,48.85,Low,8.05,Primary Tropical Forest,True,4
2000,1.245428186733535,29.749143379116436,Ituri,Epulu,Okapi Wildlife Reserve,28.58,0,0,Hansen GFC / GFW / MODIS / VIIRS / GEDI / Sentinel-2,Parametric Change Detection & Spatial Clustering,0.96,2026-06-09,L-2000-004,2000,28.58,High,0.46,Primary Tropical Forest,True,2
2000,2.2029382041143304,29.470075092819997,Ituri,Mambasa,Okapi Wildlife Reserve,36.17,0,0,Hansen GFC / GFW / MODIS / VIIRS / GEDI / Sentinel-2,Parametric Change Detection & Spatial Clustering,0.89,2026-06-09,L-2000-005,2000,36.17,Low,5.67,Primary Tropical Forest,True,5
2000,1.2928901358887515,28.72611877383162,Ituri,Mambasa,Okapi Wildlife Reserve,33.05,0,0,Hansen GFC / GFW / MODIS / VIIRS / GEDI / Sentinel-2,Parametric Change Detection & Spatial Clustering,0.94,2026-06-09,L-2000-006,2000,33.05,Low,7.73,Primary Tropical Forest,True,3
2000,1.8820189687033293,28.346001117903967,Ituri,Epulu,Okapi Wildlife Reserve,23.87,0,0,Hansen GFC / GFW / MODIS / VIIRS / GEDI / Sentinel-2,Parametric Change Detection & Spatial Clustering,0.97,2026-06-09,L-2000-007,2000,23.87,Medium,7.59,Primary Tropical Forest,True,2
2000,2.1112043380356367,29.387605782642837,Ituri,Wamba,Okapi Wildlife Reserve,45.13,0,0,Hansen GFC / GFW / MODIS / VIIRS / GEDI / Sentinel-2,Parametric Change Detection & Spatial Clustering,0.87,2026-06-09,L-2000-008,2000,45.13,Low,5.22,Primary Tropical Forest,True,2
2000,1.3930793091480185,29.229611635097086,Ituri,Mambasa,Okapi Wildlife Reserve,40.49,0,0,Hansen GFC / GFW / MODIS / VIIRS / GEDI / Sentinel-2,Parametric Change Detection & Spatial Clustering,0.9,2026-06-09,L-2000-009,2000,40.49,Low,5.29,Primary Tropical Forest,True,2
2001,1.2102571818605523,29.090698101679177,Ituri,Epulu,Okapi Wildlife Reserve,26.68,0,0,Hansen GFC / GFW / MODIS / VIIRS / GEDI / Sentinel-2,Parametric Change Detection & Spatial Clustering,0.86,2026-06-09,L-2001-000,2001,26.68,Low,2.01,Primary Tropical Forest,True,1
2001,2.2279587245766703,28.617851304523533,Ituri,Epulu,Okapi Wildlife Reserve,22.65,0,0,Hansen GFC / GFW / MODIS / VIIRS / GEDI / Sentinel-2,Parametric Change Detection & Spatial Clustering,0.9,2026-06-09,L-2001-001,2001,22.65,Medium,9.46,Primary Tropical Forest,True,4
2001,1.510913475787198,28.328014386757392,Ituri,Epulu,Okapi Wildlife Reserve,35.72,0,0,Hansen GFC / GFW / MODIS / VIIRS / GEDI / Sentinel-2,Parametric Change Detection & Spatial Clustering,0.86,2026-06-09,L-2001-002,2001,35.72,Medium,3.37,Primary Tropical Forest,True,2
2001,2.3764924620780254,28.779684545299865,Ituri,Mambasa,Okapi Wildlife Reserve,26.56,0,0,Hansen GFC / GFW / MODIS / VIIRS / GEDI / Sentinel-2,Parametric Change Detection & Spatial Clustering,0.88,2026-06-09,L-2001-003,2001,26.56,Medium,9.06,Primary Tropical Forest,True,2
2001,1.1029221256570545,27.657128207070745,Ituri,Epulu,Okapi Wildlife Reserve,28.25,0,0,Hansen GFC / GFW / MODIS / VIIRS / GEDI / Sentinel-2,Parametric Change Detection & Spatial Clustering,0.9,2026-06-09,L-2001-004,2001,28.25,Medium,0.4,Primary Tropical Forest,True,5
2001,1.7176777639924121,29.352243955119143,Ituri,Epulu,Okapi Wildlife Reserve,50.7,0,0,Hansen GFC / GFW / MODIS / VIIRS / GEDI / Sentinel-2,Parametric Change Detection & Spatial Clustering,0.91,2026-06-09,L-2001-005,2001,50.7,High,3.68,Primary Tropical Forest,True,2
2001,1.759677952986287,29.856830701555705,Ituri,Mambasa,Okapi Wildlife Reserve,30.01,0,0,Hansen GFC / GFW / MODIS / VIIRS / GEDI / Sentinel-2,Parametric Change Detection & Spatial Clustering,0.96,2026-06-09,L-2001-006,2001,30.01,High,9.09,Primary Tropical Forest,True,1
2001,2.166006607661542,27.64961218889212,Ituri,Mambasa,Okapi Wildlife Reserve,36.2,0,0,Hansen GFC / GFW / MODIS / VIIRS / GEDI / Sentinel-2,Parametric Change Detection & Spatial Clustering,0.96,2026-06-09,L-2001-007,2001,36.2,Medium,2.43,Primary Tropical Forest,True,3
2001,1.5136676908562297,29.411393769270294,Ituri,Wamba,Okapi Wildlife Reserve,42.54,0,0,Hansen GFC / GFW / MODIS / VIIRS / GEDI / Sentinel-2,Parametric Change Detection & Spatial Clustering,0.93,2026-06-09,L-2001-008,2001,42.54,High,7.46,Primary Tropical Forest,True,5
2001,2.1330492836324906,29.521105312690043,Ituri,Wamba,Okapi Wildlife Reserve,41.9,0,0,Hansen GFC / GFW / MODIS / VIIRS / GEDI / Sentinel-2,Parametric Change Detection & Spatial Clustering,0.89,2026-06-09,L-2001-009,2001,41.9,Medium,4.94,Primary Tropical Forest,True,3
2001,2.145063195731307,29.247086538269276,Ituri,Wamba,Okapi Wildlife Reserve,46.08,0,0,Hansen GFC / GFW / MODIS / VIIRS / GEDI / Sentinel-2,Parametric Change Detection & Spatial Clustering,0.87,2026-06-09,L-2001-010,2001,46.08,Low,5.85,Primary Tropical Forest,True,2
2001,1.6387901111375607,27.800885756655163,Ituri,Epulu,Okapi Wildlife Reserve,44.98,0,0,Hansen GFC / GFW / MODIS / VIIRS / GEDI / Sentinel-2,Parametric Change Detection & Spatial Clustering,0.87,2026-06-09,L-2001-011,2001,44.98,Medium,1.78,Primary Tropical Forest,True,5
2002,1.813946595739539,27.89857635594286,Ituri,Mambasa,Okapi Wildlife Reserve,44.25,0,0,Hansen GFC / GFW / MODIS / VIIRS / GEDI / Sentinel-2,Parametric Change Detection & Spatial Clustering,0.93,2026-06-09,L-2002-000,2002,44.25,Low,7.24,Primary Tropical Forest,True,1
2002,1.8960884159360187,29.012132286294197,Ituri,Wamba,Okapi Wildlife Reserve,25.61,0,0,Hansen GFC / GFW / MODIS / VIIRS / GEDI / Sentinel-2,Parametric Change Detection & Spatial Clustering,0.89,2026-06-09,L-2002-001,2002,25.61,High,8.63,Primary Tropical Forest,True,3
2002,1.4937710480937514,28.381025361339496,Ituri,Wamba,Okapi Wildlife Reserve,28.53,0,0,Hansen GFC / GFW / MODIS / VIIRS / GEDI / Sentinel-2,Parametric Change Detection & Spatial Clustering,0.9,2026-06-09,L-2002-002,2002,28.53,High,1.23,Primary Tropical Forest,True,5
2002,1.306372119866369,28.98783786212346,Ituri,Wamba,Okapi Wildlife Reserve,41.31,0,0,Hansen GFC / GFW / MODIS / VIIRS / GEDI / Sentinel-2,Parametric Change Detection & Spatial Clustering,0.91,2026-06-09,L-2002-003,2002,41.31,Medium,7.73,Primary Tropical Forest,True,1
2002,1.529414079678142,27.746875979449005,Ituri,Wamba,Okapi Wildlife Reserve,27.82,0,0,Hansen GFC / GFW / MODIS / VIIRS / GEDI / Sentinel-2,Parametric Change Detection & Spatial Clustering,0.91,2026-06-09,L-2002-004,2002,27.82,Medium,8.93,Primary Tropical Forest,True,4
2002,2.2562467258694454,28.75960411117201,Ituri,Mambasa,Okapi Wildlife Reserve,41.61,0,0,Hansen GFC / GFW / MODIS / VIIRS / GEDI / Sentinel-2,Parametric Change Detection & Spatial Clustering,0.89,2026-06-09,L-2002-005,2002,41.61,Medium,6.11,Primary Tropical Forest,True,4
2002,1.562212239901122,27.93844994912742,Ituri,Mambasa,Okapi Wildlife Reserve,38.21,0,0,Hansen GFC / GFW / MODIS / VIIRS / GEDI / Sentinel-2,Parametric Change Detection & Spatial Clustering,0.9,2026-06-09,L-2002-006,2002,38.21,Medium,4.72,Primary Tropical Forest,True,3
2003,1.4386646419540199,27.832274292250144,Ituri,Epulu,Okapi Wildlife Reserve,31.31,0,0,Hansen GFC / GFW / MODIS / VIIRS / GEDI / Sentinel-2,Parametric Change Detection & Spatial Clustering,0.97,2026-06-09,L-2003-000,2003,31.31,Medium,5.75,Primary Tropical Forest,True,2
2003,2.3407402048848045,29.20259122151893,Ituri,Wamba,Okapi Wildlife Reserve,39.95,0,0,Hansen GFC / GFW / MODIS / VIIRS / GEDI / Sentinel-2,Parametric Change Detection & Spatial Clustering,0.85,2026-06-09,L-2003-001,2003,39.95,Low,0.7,Primary Tropical Forest,True,5
2003,1.3351150362000976,27.875999074795722,Ituri,Mambasa,Okapi Wildlife Reserve,47.4,0,0,Hansen GFC / GFW / MODIS / VIIRS / GEDI / Sentinel-2,Parametric Change Detection & Spatial Clustering,0.93,2026-06-09,L-2003-002,2003,47.4,Low,5.35,Primary Tropical Forest,True,1
2003,1.9326303756537708,29.3249843406231,Ituri,Mambasa,Okapi Wildlife Reserve,55.63,0,0,Hansen GFC / GFW / MODIS / VIIRS / GEDI / Sentinel-2,Parametric Change Detection & Spatial Clustering,0.87,2026-06-09,L-2003-003,2003,55.63,Low,3.49,Primary Tropical Forest,True,1
2003,1.8925576734130434,28.92177528442167,Ituri,Epulu,Okapi Wildlife Reserve,29.44,0,0,Hansen GFC / GFW / MODIS / VIIRS / GEDI / Sentinel-2,Parametric Change Detection & Spatial Clustering,0.87,2026-06-09,L-2003-004,2003,29.44,Medium,0.18,Primary Tropical Forest,True,4
2003,1.2861844421478539,28.689778861576386,Ituri,Epulu,Okapi Wildlife Reserve,34.18,0,0,Hansen GFC / GFW / MODIS / VIIRS / GEDI / Sentinel-2,Parametric Change Detection & Spatial Clustering,0.98,2026-06-09,L-2003-005,2003,34.18,Medium,8.22,Primary Tropical Forest,True,1
2003,1.314606701457407,28.957821413476385,Ituri,Mambasa,Okapi Wildlife Reserve,49.15,0,0,Hansen GFC / GFW / MODIS / VIIRS / GEDI / Sentinel-2,Parametric Change Detection & Spatial Clustering,0.86,2026-06-09,L-2003-006,2003,49.15,High,0.89,Primary Tropical Forest,True,1
2003,2.2210543071656366,28.78701746704455,Ituri,Epulu,Okapi Wildlife Reserve,38.19,0,0,Hansen GFC / GFW / MODIS / VIIRS / GEDI / Sentinel-2,Parametric Change Detection & Spatial Clustering,0.85,2026-06-09,L-2003-007,2003,38.19,Low,5.81,Primary Tropical Forest,True,3
2003,1.2611220057053059,28.620749620740668,Ituri,Epulu,Okapi Wildlife Reserve,55.46,0,0,Hansen GFC / GFW / MODIS / VIIRS / GEDI / Sentinel-2,Parametric Change Detection & Spatial Clustering,0.9,2026-06-09,L-2003-008,2003,55.46,Low,1.83,Primary Tropical Forest,True,2
2003,1.6517499929232393,28.46341747632603,Ituri,Mambasa,Okapi Wildlife Reserve,44.57,0,0,Hansen GFC / GFW / MODIS / VIIRS / GEDI / Sentinel-2,Parametric Change Detection & Spatial Clustering,0.86,2026-06-09,L-2003-009,2003,44.57,Low,1.78,Primary Tropical Forest,True,3
2003,1.8667594267358556,28.47728717609473,Ituri,Epulu,Okapi Wildlife Reserve,26.7,0,0,Hansen GFC / GFW / MODIS / VIIRS / GEDI / Sentinel-2,Parametric Change Detection & Spatial Clustering,0.9,2026-06-09,L-2003-010,2003,26.7,High,1.96,Primary Tropical Forest,True,4
2003,1.6363301556695633,28.543212375672084,Ituri,Wamba,Okapi Wildlife Reserve,54.46,0,0,Hansen GFC / GFW / MODIS / VIIRS / GEDI / Sentinel-2,Parametric Change Detection & Spatial Clustering,0.95,2026-06-09,L-2003-011,2003,54.46,Low,6.67,Primary Tropical Forest,True,2
2004,1.7447656309221635,29.57064967419258,Ituri,Wamba,Okapi Wildlife Reserve,55.57,0,0,Hansen GFC / GFW / MODIS / VIIRS / GEDI / Sentinel-2,Parametric Change Detection & Spatial Clustering,0.92,2026-06-09,L-2004-000,2004,55.57,High,4.9,Primary Tropical Forest,True,1
2004,1.328487117359798,27.62730881708266,Ituri,Epulu,Okapi Wildlife Reserve,53.97,0,0,Hansen GFC / GFW / MODIS / VIIRS / GEDI / Sentinel-2,Parametric Change Detection & Spatial Clustering,0.89,2026-06-09,L-2004-001,2004,53.97,High,7.32,Primary Tropical Forest,True,1
2004,2.196565876727559,29.156862178826977,Ituri,Epulu,Okapi Wildlife Reserve,56.38,0,0,Hansen GFC / GFW / MODIS / VIIRS / GEDI / Sentinel-2,Parametric Change Detection & Spatial Clustering,0.97,2026-06-09,L-2004-002,2004,56.38,Medium,2.04,Primary Tropical Forest,True,3
2004,1.3461499392774203,28.983019602149742,Ituri,Wamba,Okapi Wildlife Reserve,34.12,0,0,Hansen GFC / GFW / MODIS / VIIRS / GEDI / Sentinel-2,Parametric Change Detection & Spatial Clustering,0.86,2026-06-09,L-2004-003,2004,34.12,Medium,6.06,Primary Tropical Forest,True,2
2004,2.0568459391816605,28.34081876354021,Ituri,Mambasa,Okapi Wildlife Reserve,54.98,0,0,Hansen GFC / GFW / MODIS / VIIRS / GEDI / Sentinel-2,Parametric Change Detection & Spatial Clustering,0.95,2026-06-09,L-2004-004,2004,54.98,High,9.16,Primary Tropical Forest,True,1
2004,1.203400375143511,28.18747473968663,Ituri,Epulu,Okapi Wildlife Reserve,43.74,0,0,Hansen GFC / GFW / MODIS / VIIRS / GEDI / Sentinel-2,Parametric Change Detection & Spatial Clustering,0.93,2026-06-09,L-2004-005,2004,43.74,High,7.96,Primary Tropical Forest,True,5
2004,1.9102333673435616,28.320321506417528,Ituri,Epulu,Okapi Wildlife Reserve,28.46,0,0,Hansen GFC / GFW / MODIS / VIIRS / GEDI / Sentinel-2,Parametric Change Detection & Spatial Clustering,0.95,2026-06-09,L-2004-006,2004,28.46,Low,6.83,Primary Tropical Forest,True,4
2004,1.1640688050858925,28.516160283809885,Ituri,Wamba,Okapi Wildlife Reserve,35.41,0,0,Hansen GFC / GFW / MODIS / VIIRS / GEDI / Sentinel-2,Parametric Change Detection & Spatial Clustering,0.94,2026-06-09,L-2004-007,2004,35.41,Low,3.1,Primary Tropical Forest,True,5
2005,1.6572905313889317,28.866970779250543,Ituri,Epulu,Okapi Wildlife Reserve,52.84,0,0,Hansen GFC / GFW / MODIS / VIIRS / GEDI / Sentinel-2,Parametric Change Detection & Spatial Clustering,0.93,2026-06-09,L-2005-000,2005,52.84,High,5.57,Primary Tropical Forest,True,1
2005,1.9944200554050189,29.06211936198475,Ituri,Epulu,Okapi Wildlife Reserve,30.85,0,0,Hansen GFC / GFW / MODIS / VIIRS / GEDI / Sentinel-2,Parametric Change Detection & Spatial Clustering,0.89,2026-06-09,L-2005-001,2005,30.85,Medium,2.22,Primary Tropical Forest,True,3
2005,1.6799638394773144,28.85306318646828,Ituri,Wamba,Okapi Wildlife Reserve,45.24,0,0,Hansen GFC / GFW / MODIS / VIIRS / GEDI / Sentinel-2,Parametric Change Detection & Spatial Clustering,0.97,2026-06-09,L-2005-002,2005,45.24,High,1.15,Primary Tropical Forest,True,2
2005,1.2314542275300575,28.945848286843628,Ituri,Wamba,Okapi Wildlife Reserve,32.11,0,0,Hansen GFC / GFW / MODIS / VIIRS / GEDI / Sentinel-2,Parametric Change Detection & Spatial Clustering,0.94,2026-06-09,L-2005-003,2005,32.11,High,8.87,Primary Tropical Forest,True,5
2005,1.2469909978931255,28.458267515353786,Ituri,Epulu,Okapi Wildlife Reserve,36.6,0,0,Hansen GFC / GFW / MODIS / VIIRS / GEDI / Sentinel-2,Parametric Change Detection & Spatial Clustering,0.86,2026-06-09,L-2005-004,2005,36.6,High,0.86,Primary Tropical Forest,True,2
2005,1.5555283638585196,27.991040860697048,Ituri,Mambasa,Okapi Wildlife Reserve,52.88,0,0,Hansen GFC / GFW / MODIS / VIIRS / GEDI / Sentinel-2,Parametric Change Detection & Spatial Clustering,0.89,2026-06-09,L-2005-005,2005,52.88,Medium,8.41,Primary Tropical Forest,True,1
2005,1.6447850016100016,28.078798386903426,Ituri,Epulu,Okapi Wildlife Reserve,53.13,0,0,Hansen GFC / GFW / MODIS / VIIRS / GEDI / Sentinel-2,Parametric Change Detection & Spatial Clustering,0.89,2026-06-09,L-2005-006,2005,53.13,High,8.88,Primary Tropical Forest,True,5
2005,1.448078562950624,29.87889708192115,Ituri,Wamba,Okapi Wildlife Reserve,40.18,0,0,Hansen GFC / GFW / MODIS / VIIRS / GEDI / Sentinel-2,Parametric Change Detection & Spatial Clustering,0.98,2026-06-09,L-2005-007,2005,40.18,High,7.41,Primary Tropical Forest,True,1
2005,1.9127509059656798,28.67550219175682,Ituri,Mambasa,Okapi Wildlife Reserve,31.13,0,0,Hansen GFC / GFW / MODIS / VIIRS / GEDI / Sentinel-2,Parametric Change Detection & Spatial Clustering,0.97,2026-06-09,L-2005-008,2005,31.13,High,6.92,Primary Tropical Forest,True,4
2005,1.579127805891337,29.142491309762953,Ituri,Mambasa,Okapi Wildlife Reserve,45.84,0,0,Hansen GFC / GFW / MODIS / VIIRS / GEDI / Sentinel-2,Parametric Change Detection & Spatial Clustering,0.93,2026-06-09,L-2005-009,2005,45.84,Low,5.08,Primary Tropical Forest,True,5
2006,2.159375091807971,29.83478934839668,Ituri,Wamba,Okapi Wildlife Reserve,38.18,0,0,Hansen GFC / GFW / MODIS / VIIRS / GEDI / Sentinel-2,Parametric Change Detection & Spatial Clustering,0.89,2026-06-09,L-2006-000,2006,38.18,Low,7.2,Primary Tropical Forest,True,5
2006,2.3455563309870953,27.991086685067803,Ituri,Epulu,Okapi Wildlife Reserve,59.76,0,0,Hansen GFC / GFW / MODIS / VIIRS / GEDI / Sentinel-2,Parametric Change Detection & Spatial Clustering,0.85,2026-06-09,L-2006-001,2006,59.76,High,5.03,Primary Tropical Forest,True,1
2006,1.8358401115009535,28.159975732842582,Ituri,Wamba,Okapi Wildlife Reserve,61.79,0,0,Hansen GFC / GFW / MODIS / VIIRS / GEDI / Sentinel-2,Parametric Change Detection & Spatial Clustering,0.95,2026-06-09,L-2006-002,2006,61.79,Low,8.01,Primary Tropical Forest,True,4
2006,1.8781867959405534,29.163946884598378,Ituri,Epulu,Okapi Wildlife Reserve,49.04,0,0,Hansen GFC / GFW / MODIS / VIIRS / GEDI / Sentinel-2,Parametric Change Detection & Spatial Clustering,0.86,2026-06-09,L-2006-003,2006,49.04,High,8.78,Primary Tropical Forest,True,5
2006,2.018013081154122,27.92153359352194,Ituri,Mambasa,Okapi Wildlife Reserve,34.91,0,0,Hansen GFC / GFW / MODIS / VIIRS / GEDI / Sentinel-2,Parametric Change Detection & Spatial Clustering,0.97,2026-06-09,L-2006-004,2006,34.91,High,3.08,Primary Tropical Forest,True,5
2006,2.07053234093517,29.081253061427027,Ituri,Mambasa,Okapi Wildlife Reserve,56.43,0,0,Hansen GFC / GFW / MODIS / VIIRS / GEDI / Sentinel-2,Parametric Change Detection & Spatial Clustering,0.89,2026-06-09,L-2006-005,2006,56.43,Medium,7.83,Primary Tropical Forest,True,3
2006,2.101870176190493,29.898366509448355,Ituri,Epulu,Okapi Wildlife Reserve,36.4,0,0,Hansen GFC / GFW / MODIS / VIIRS / GEDI / Sentinel-2,Parametric Change Detection & Spatial Clustering,0.91,2026-06-09,L-2006-006,2006,36.4,Medium,9.87,Primary Tropical Forest,True,4
2006,1.3054521734958278,29.11204876961887,Ituri,Epulu,Okapi Wildlife Reserve,49.12,0,0,Hansen GFC / GFW / MODIS / VIIRS / GEDI / Sentinel-2,Parametric Change Detection & Spatial Clustering,0.96,2026-06-09,L-2006-007,2006,49.12,Medium,9.74,Primary Tropical Forest,True,3
2006,1.256877527174628,29.524176716183774,Ituri,Mambasa,Okapi Wildlife Reserve,59.39,0,0,Hansen GFC / GFW / MODIS / VIIRS / GEDI / Sentinel-2,Parametric Change Detection & Spatial Clustering,0.87,2026-06-09,L-2006-008,2006,59.39,Low,1.63,Primary Tropical Forest,True,4
2007,1.9393477910599777,28.91546428625485,Ituri,Epulu,Okapi Wildlife Reserve,63.28,0,0,Hansen GFC / GFW / MODIS / VIIRS / GEDI / Sentinel-2,Parametric Change Detection & Spatial Clustering,0.88,2026-06-09,L-2007-000,2007,63.28,High,5.0,Primary Tropical Forest,True,2
2007,2.204331289399456,27.969135829920035,Ituri,Wamba,Okapi Wildlife Reserve,54.56,0,0,Hansen GFC / GFW / MODIS / VIIRS / GEDI / Sentinel-2,Parametric Change Detection & Spatial Clustering,0.87,2026-06-09,L-2007-001,2007,54.56,High,7.66,Primary Tropical Forest,True,5
2007,2.0934204784382726,28.182969859853557,Ituri,Mambasa,Okapi Wildlife Reserve,61.83,0,0,Hansen GFC / GFW / MODIS / VIIRS / GEDI / Sentinel-2,Parametric Change Detection & Spatial Clustering,0.9,2026-06-09,L-2007-002,2007,61.83,Medium,1.73,Primary Tropical Forest,True,5
2007,1.4021069665974164,28.694971112081156,Ituri,Epulu,Okapi Wildlife Reserve,58.94,0,0,Hansen GFC / GFW / MODIS / VIIRS / GEDI / Sentinel-2,Parametric Change Detection & Spatial Clustering,0.95,2026-06-09,L-2007-003,2007,58.94,High,3.85,Primary Tropical Forest,True,2
2007,1.6278423241153988,28.456374300710927,Ituri,Epulu,Okapi Wildlife Reserve,55.59,0,0,Hansen GFC / GFW / MODIS / VIIRS / GEDI / Sentinel-2,Parametric Change Detection & Spatial Clustering,0.9,2026-06-09,L-2007-004,2007,55.59,High,0.77,Primary Tropical Forest,True,2
2007,2.246539393486273,29.100024620241573,Ituri,Wamba,Okapi Wildlife Reserve,45.03,0,0,Hansen GFC / GFW / MODIS / VIIRS / GEDI / Sentinel-2,Parametric Change Detection & Spatial Clustering,0.95,2026-06-09,L-2007-005,2007,45.03,High,5.11,Primary Tropical Forest,True,2
2007,1.2851372747344085,28.613569044676726,Ituri,Mambasa,Okapi Wildlife Reserve,52.49,0,0,Hansen GFC / GFW / MODIS / VIIRS / GEDI / Sentinel-2,Parametric Change Detection & Spatial Clustering,0.98,2026-06-09,L-2007-006,2007,52.49,Medium,8.32,Primary Tropical Forest,True,5
2007,1.299077764591474,28.724666219811827,Ituri,Epulu,Okapi Wildlife Reserve,42.92,0,0,Hansen GFC / GFW / MODIS / VIIRS / GEDI / Sentinel-2,Parametric Change Detection & Spatial Clustering,0.92,2026-06-09,L-2007-007,2007,42.92,High,0.33,Primary Tropical Forest,True,5
2007,1.3279159514535441,28.894276220560393,Ituri,Epulu,Okapi Wildlife Reserve,35.18,0,0,Hansen GFC / GFW / MODIS / VIIRS / GEDI / Sentinel-2,Parametric Change Detection & Spatial Clustering,0.93,2026-06-09,L-2007-008,2007,35.18,High,0.54,Primary Tropical Forest,True,1
2007,2.008912800473697,29.4336737877355,Ituri,Mambasa,Okapi Wildlife Reserve,56.17,0,0,Hansen GFC / GFW / MODIS / VIIRS / GEDI / Sentinel-2,Parametric Change Detection & Spatial Clustering,0.97,2026-06-09,L-2007-009,2007,56.17,Low,8.42,Primary Tropical Forest,True,1
2007,2.224380913325528,28.66037652231009,Ituri,Mambasa,Okapi Wildlife Reserve,47.47,0,0,Hansen GFC / GFW / MODIS / VIIRS / GEDI / Sentinel-2,Parametric Change Detection & Spatial Clustering,0.96,2026-06-09,L-2007-010,2007,47.47,Low,9.37,Primary Tropical Forest,True,5
2007,1.4823685716244208,27.97640311872482,Ituri,Wamba,Okapi Wildlife Reserve,51.53,0,0,Hansen GFC / GFW / MODIS / VIIRS / GEDI / Sentinel-2,Parametric Change Detection & Spatial Clustering,0.96,2026-06-09,L-2007-011,2007,51.53,Medium,4.88,Primary Tropical Forest,True,2
2008,1.786105540393406,28.403541022764685,Ituri,Epulu,Okapi Wildlife Reserve,65.37,0,0,Hansen GFC / GFW / MODIS / VIIRS / GEDI / Sentinel-2,Parametric Change Detection & Spatial Clustering,0.97,2026-06-09,L-2008-000,2008,65.37,Low,6.89,Primary Tropical Forest,True,1
2008,2.2032731692556236,27.884615530729143,Ituri,Wamba,Okapi Wildlife Reserve,55.64,0,0,Hansen GFC / GFW / MODIS / VIIRS / GEDI / Sentinel-2,Parametric Change Detection & Spatial Clustering,0.9,2026-06-09,L-2008-001,2008,55.64,Low,3.03,Primary Tropical Forest,True,5
2008,1.487846555306209,28.56480536560701,Ituri,Mambasa,Okapi Wildlife Reserve,49.6,0,0,Hansen GFC / GFW / MODIS / VIIRS / GEDI / Sentinel-2,Parametric Change Detection & Spatial Clustering,0.96,2026-06-09,L-2008-002,2008,49.6,High,2.49,Primary Tropical Forest,True,3
2008,1.1694870898369505,28.60721369816929,Ituri,Epulu,Okapi Wildlife Reserve,52.34,0,0,Hansen GFC / GFW / MODIS / VIIRS / GEDI / Sentinel-2,Parametric Change Detection & Spatial Clustering,0.87,2026-06-09,L-2008-003,2008,52.34,High,4.9,Primary Tropical Forest,True,4
2008,1.7390723794689893,27.60978035423107,Ituri,Wamba,Okapi Wildlife Reserve,56.66,0,0,Hansen GFC / GFW / MODIS / VIIRS / GEDI / Sentinel-2,Parametric Change Detection & Spatial Clustering,0.97,2026-06-09,L-2008-004,2008,56.66,Medium,1.91,Primary Tropical Forest,True,1
2008,1.9533458128095942,29.45433256489806,Ituri,Wamba,Okapi Wildlife Reserve,41.8,0,0,Hansen GFC / GFW / MODIS / VIIRS / GEDI / Sentinel-2,Parametric Change Detection & Spatial Clustering,0.92,2026-06-09,L-2008-005,2008,41.8,Medium,0.47,Primary Tropical Forest,True,1
2008,1.2814901755913604,29.81581464980508,Ituri,Mambasa,Okapi Wildlife Reserve,40.94,0,0,Hansen GFC / GFW / MODIS / VIIRS / GEDI / Sentinel-2,Parametric Change Detection & Spatial Clustering,0.93,2026-06-09,L-2008-006,2008,40.94,Medium,5.85,Primary Tropical Forest,True,3
2008,1.8797115989920314,28.751835636668048,Ituri,Epulu,Okapi Wildlife Reserve,56.8,0,0,Hansen GFC / GFW / MODIS / VIIRS / GEDI / Sentinel-2,Parametric Change Detection & Spatial Clustering,0.87,2026-06-09,L-2008-007,2008,56.8,Medium,0.66,Primary Tropical Forest,True,1
2008,1.3746506222631707,29.86012313223744,Ituri,Mambasa,Okapi Wildlife Reserve,64.36,0,0,Hansen GFC / GFW / MODIS / VIIRS / GEDI / Sentinel-2,Parametric Change Detection & Spatial Clustering,0.94,2026-06-09,L-2008-008,2008,64.36,Low,8.64,Primary Tropical Forest,True,3
2008,2.09055980330589,29.095045694275843,Ituri,Epulu,Okapi Wildlife Reserve,48.23,0,0,Hansen GFC / GFW / MODIS / VIIRS / GEDI / Sentinel-2,Parametric Change Detection & Spatial Clustering,0.93,2026-06-09,L-2008-009,2008,48.23,High,4.66,Primary Tropical Forest,True,2
2008,1.9485100921480045,29.251320118016878,Ituri,Epulu,Okapi Wildlife Reserve,51.64,0,0,Hansen GFC / GFW / MODIS / VIIRS / GEDI / Sentinel-2,Parametric Change Detection & Spatial Clustering,0.87,2026-06-09,L-2008-010,2008,51.64,High,0.58,Primary Tropical Forest,True,4
2009,1.692640200538852,28.623056498744965,Ituri,Mambasa,Okapi Wildlife Reserve,54.25,0,0,Hansen GFC / GFW / MODIS / VIIRS / GEDI / Sentinel-2,Parametric Change Detection & Spatial Clustering,0.98,2026-06-09,L-2009-000,2009,54.25,High,8.05,Primary Tropical Forest,True,5
2009,2.0681489525432557,29.048032129389025,Ituri,Mambasa,Okapi Wildlife Reserve,46.54,0,0,Hansen GFC / GFW / MODIS / VIIRS / GEDI / Sentinel-2,Parametric Change Detection & Spatial Clustering,0.95,2026-06-09,L-2009-001,2009,46.54,High,6.67,Primary Tropical Forest,True,3
2009,1.404946066258196,28.051502048376566,Ituri,Mambasa,Okapi Wildlife Reserve,38.18,0,0,Hansen GFC / GFW / MODIS / VIIRS / GEDI / Sentinel-2,Parametric Change Detection & Spatial Clustering,0.95,2026-06-09,L-2009-002,2009,38.18,High,7.61,Primary Tropical Forest,True,4
2009,1.652384158550665,28.26111799910156,Ituri,Epulu,Okapi Wildlife Reserve,45.02,0,0,Hansen GFC / GFW / MODIS / VIIRS / GEDI / Sentinel-2,Parametric Change Detection & Spatial Clustering,0.92,2026-06-09,L-2009-003,2009,45.02,High,1.91,Primary Tropical Forest,True,1
2009,2.3771214933875644,29.137669337238172,Ituri,Epulu,Okapi Wildlife Reserve,61.78,0,0,Hansen GFC / GFW / MODIS / VIIRS / GEDI / Sentinel-2,Parametric Change Detection & Spatial Clustering,0.89,2026-06-09,L-2009-004,2009,61.78,Low,8.46,Primary Tropical Forest,True,2
2009,1.9708123254769667,29.409306493484536,Ituri,Epulu,Okapi Wildlife Reserve,47.79,0,0,Hansen GFC / GFW / MODIS / VIIRS / GEDI / Sentinel-2,Parametric Change Detection & Spatial Clustering,0.88,2026-06-09,L-2009-005,2009,47.79,Medium,0.44,Primary Tropical Forest,True,2
2009,1.9802341582329868,28.485119331850427,Ituri,Mambasa,Okapi Wildlife Reserve,55.31,0,0,Hansen GFC / GFW / MODIS / VIIRS / GEDI / Sentinel-2,Parametric Change Detection & Spatial Clustering,0.89,2026-06-09,L-2009-006,2009,55.31,Medium,0.61,Primary Tropical Forest,True,5
2009,2.35834279524164,29.784336977112655,Ituri,Mambasa,Okapi Wildlife Reserve,41.0,0,0,Hansen GFC / GFW / MODIS / VIIRS / GEDI / Sentinel-2,Parametric Change Detection & Spatial Clustering,0.87,2026-06-09,L-2009-007,2009,41.0,Low,8.17,Primary Tropical Forest,True,3
2009,1.244548001578173,29.143462587354982,Ituri,Mambasa,Okapi Wildlife Reserve,53.65,0,0,Hansen GFC / GFW / MODIS / VIIRS / GEDI / Sentinel-2,Parametric Change Detection & Spatial Clustering,0.92,2026-06-09,L-2009-008,2009,53.65,High,9.27,Primary Tropical Forest,True,5
2010,1.3295348687604076,29.88942235818766,Ituri,Wamba,Okapi Wildlife Reserve,44.79,0,0,Hansen GFC / GFW / MODIS / VIIRS / GEDI / Sentinel-2,Parametric Change Detection & Spatial Clustering,0.88,2026-06-09,L-2010-000,2010,44.79,Low,9.39,Primary Tropical Forest,True,3
2010,1.3025927848069445,28.99985569585625,Ituri,Wamba,Okapi Wildlife Reserve,66.9,0,0,Hansen GFC / GFW / MODIS / VIIRS / GEDI / Sentinel-2,Parametric Change Detection & Spatial Clustering,0.93,2026-06-09,L-2010-001,2010,66.9,High,6.74,Primary Tropical Forest,True,1
2010,1.3503201770395035,28.39034480588276,Ituri,Epulu,Okapi Wildlife Reserve,47.79,0,0,Hansen GFC / GFW / MODIS / VIIRS / GEDI / Sentinel-2,Parametric Change Detection & Spatial Clustering,0.86,2026-06-09,L-2010-002,2010,47.79,Medium,4.29,Primary Tropical Forest,True,2
2010,1.774774753012174,29.783115732756173,Ituri,Wamba,Okapi Wildlife Reserve,60.85,0,0,Hansen GFC / GFW / MODIS / VIIRS / GEDI / Sentinel-2,Parametric Change Detection & Spatial Clustering,0.86,2026-06-09,L-2010-003,2010,60.85,High,3.6,Primary Tropical Forest,True,3
2010,2.37473755849695,28.505451506997737,Ituri,Wamba,Okapi Wildlife Reserve,46.63,0,0,Hansen GFC / GFW / MODIS / VIIRS / GEDI / Sentinel-2,Parametric Change Detection & Spatial Clustering,0.97,2026-06-09,L-2010-004,2010,46.63,Medium,0.97,Primary Tropical Forest,True,1
2010,1.468517491612893,28.76557538236257,Ituri,Epulu,Okapi Wildlife Reserve,63.42,0,0,Hansen GFC / GFW / MODIS / VIIRS / GEDI / Sentinel-2,Parametric Change Detection & Spatial Clustering,0.93,2026-06-09,L-2010-005,2010,63.42,High,4.4,Primary Tropical Forest,True,5
2010,1.7850953677795638,29.737291232948195,Ituri,Mambasa,Okapi Wildlife Reserve,65.32,0,0,Hansen GFC / GFW / MODIS / VIIRS / GEDI / Sentinel-2,Parametric Change Detection & Spatial Clustering,0.9,2026-06-09,L-2010-006,2010,65.32,High,2.69,Primary Tropical Forest,True,1
2010,1.5127242132323921,29.676246369745904,Ituri,Wamba,Okapi Wildlife Reserve,50.89,0,0,Hansen GFC / GFW / MODIS / VIIRS / GEDI / Sentinel-2,Parametric Change Detection & Spatial Clustering,0.89,2026-06-09,L-2010-007,2010,50.89,Low,2.7,Primary Tropical Forest,True,3
2010,2.0492938835348244,29.468313400594873,Ituri,Epulu,Okapi Wildlife Reserve,40.41,0,0,Hansen GFC / GFW / MODIS / VIIRS / GEDI / Sentinel-2,Parametric Change Detection & Spatial Clustering,0.87,2026-06-09,L-2010-008,2010,40.41,Low,0.65,Primary Tropical Forest,True,3
2011,1.62868692706523,29.335861865397998,Ituri,Mambasa,Okapi Wildlife Reserve,57.09,0,0,Hansen GFC / GFW / MODIS / VIIRS / GEDI / Sentinel-2,Parametric Change Detection & Spatial Clustering,0.91,2026-06-09,L-2011-000,2011,57.09,High,7.98,Primary Tropical Forest,True,2
2011,1.9680578612728603,28.000342169365204,Ituri,Epulu,Okapi Wildlife Reserve,71.27,0,0,Hansen GFC / GFW / MODIS / VIIRS / GEDI / Sentinel-2,Parametric Change Detection & Spatial Clustering,0.89,2026-06-09,L-2011-001,2011,71.27,Low,4.27,Primary Tropical Forest,True,1
2011,1.1599559004569049,27.931723725017793,Ituri,Wamba,Okapi Wildlife Reserve,58.34,0,0,Hansen GFC / GFW / MODIS / VIIRS / GEDI / Sentinel-2,Parametric Change Detection & Spatial Clustering,0.95,2026-06-09,L-2011-002,2011,58.34,Low,0.37,Primary Tropical Forest,True,3
2011,1.127526640191395,28.767787485855735,Ituri,Mambasa,Okapi Wildlife Reserve,50.89,0,0,Hansen GFC / GFW / MODIS / VIIRS / GEDI / Sentinel-2,Parametric Change Detection & Spatial Clustering,0.93,2026-06-09,L-2011-003,2011,50.89,High,2.17,Primary Tropical Forest,True,1
2011,1.933310633139672,28.51921971064907,Ituri,Mambasa,Okapi Wildlife Reserve,58.58,0,0,Hansen GFC / GFW / MODIS / VIIRS / GEDI / Sentinel-2,Parametric Change Detection & Spatial Clustering,0.87,2026-06-09,L-2011-004,2011,58.58,High,1.24,Primary Tropical Forest,True,1
2011,2.363560489438504,28.753376906278824,Ituri,Epulu,Okapi Wildlife Reserve,49.18,0,0,Hansen GFC / GFW / MODIS / VIIRS / GEDI / Sentinel-2,Parametric Change Detection & Spatial Clustering,0.91,2026-06-09,L-2011-005,2011,49.18,Low,3.54,Primary Tropical Forest,True,3
2011,1.9311751411202882,29.30306471244385,Ituri,Epulu,Okapi Wildlife Reserve,52.19,0,0,Hansen GFC / GFW / MODIS / VIIRS / GEDI / Sentinel-2,Parametric Change Detection & Spatial Clustering,0.97,2026-06-09,L-2011-006,2011,52.19,Medium,6.82,Primary Tropical Forest,True,4
2012,1.3713872881198326,28.95669844584811,Ituri,Epulu,Okapi Wildlife Reserve,47.1,0,0,Hansen GFC / GFW / MODIS / VIIRS / GEDI / Sentinel-2,Parametric Change Detection & Spatial Clustering,0.92,2026-06-09,L-2012-000,2012,47.1,High,4.73,Primary Tropical Forest,True,5
2012,1.3817439184228593,29.452772658635475,Ituri,Mambasa,Okapi Wildlife Reserve,69.67,0,0,Hansen GFC / GFW / MODIS / VIIRS / GEDI / Sentinel-2,Parametric Change Detection & Spatial Clustering,0.86,2026-06-09,L-2012-001,2012,69.67,Medium,1.64,Primary Tropical Forest,True,1
2012,2.206424678474958,29.58608440036589,Ituri,Epulu,Okapi Wildlife Reserve,68.03,0,0,Hansen GFC / GFW / MODIS / VIIRS / GEDI / Sentinel-2,Parametric Change Detection & Spatial Clustering,0.97,2026-06-09,L-2012-002,2012,68.03,Low,3.78,Primary Tropical Forest,True,3
2012,1.675571276196475,28.802376906996738,Ituri,Epulu,Okapi Wildlife Reserve,64.46,0,0,Hansen GFC / GFW / MODIS / VIIRS / GEDI / Sentinel-2,Parametric Change Detection & Spatial Clustering,0.88,2026-06-09,L-2012-003,2012,64.46,High,3.92,Primary Tropical Forest,True,2
2012,1.3313466526033808,28.799983374710255,Ituri,Mambasa,Okapi Wildlife Reserve,49.72,0,0,Hansen GFC / GFW / MODIS / VIIRS / GEDI / Sentinel-2,Parametric Change Detection & Spatial Clustering,0.87,2026-06-09,L-2012-004,2012,49.72,Medium,8.59,Primary Tropical Forest,True,3
2013,1.6753671847504557,28.68915133756117,Ituri,Mambasa,Okapi Wildlife Reserve,53.2,0,0,Hansen GFC / GFW / MODIS / VIIRS / GEDI / Sentinel-2,Parametric Change Detection & Spatial Clustering,0.92,2026-06-09,L-2013-000,2013,53.2,High,5.86,Primary Tropical Forest,True,2
2013,1.2064405401007625,28.06779888612168,Ituri,Mambasa,Okapi Wildlife Reserve,70.42,0,0,Hansen GFC / GFW / MODIS / VIIRS / GEDI / Sentinel-2,Parametric Change Detection & Spatial Clustering,0.94,2026-06-09,L-2013-001,2013,70.42,Medium,7.88,Primary Tropical Forest,True,4
2013,1.6374904658088414,28.989779435220715,Ituri,Wamba,Okapi Wildlife Reserve,48.57,0,0,Hansen GFC / GFW / MODIS / VIIRS / GEDI / Sentinel-2,Parametric Change Detection & Spatial Clustering,0.93,2026-06-09,L-2013-002,2013,48.57,Medium,5.11,Primary Tropical Forest,True,2
2013,1.1055961939159533,28.726760007899564,Ituri,Mambasa,Okapi Wildlife Reserve,62.11,0,0,Hansen GFC / GFW / MODIS / VIIRS / GEDI / Sentinel-2,Parametric Change Detection & Spatial Clustering,0.95,2026-06-09,L-2013-003,2013,62.11,Low,3.86,Primary Tropical Forest,True,4
2013,1.4211831062307754,28.432554409283327,Ituri,Epulu,Okapi Wildlife Reserve,64.63,0,0,Hansen GFC / GFW / MODIS / VIIRS / GEDI / Sentinel-2,Parametric Change Detection & Spatial Clustering,0.85,2026-06-09,L-2013-004,2013,64.63,High,5.54,Primary Tropical Forest,True,2
2013,1.5931378677223407,28.94443800405537,Ituri,Mambasa,Okapi Wildlife Reserve,47.78,0,0,Hansen GFC / GFW / MODIS / VIIRS / GEDI / Sentinel-2,Parametric Change Detection & Spatial Clustering,0.9,2026-06-09,L-2013-005,2013,47.78,Low,7.72,Primary Tropical Forest,True,4
2014,1.6184928816182218,29.334762541876287,Ituri,Mambasa,Okapi Wildlife Reserve,72.89,0,0,Hansen GFC / GFW / MODIS / VIIRS / GEDI / Sentinel-2,Parametric Change Detection & Spatial Clustering,0.9,2026-06-09,L-2014-000,2014,72.89,Low,4.24,Primary Tropical Forest,True,4
2014,1.2527591792020007,28.30999123270215,Ituri,Mambasa,Okapi Wildlife Reserve,77.78,0,0,Hansen GFC / GFW / MODIS / VIIRS / GEDI / Sentinel-2,Parametric Change Detection & Spatial Clustering,0.88,2026-06-09,L-2014-001,2014,77.78,High,7.39,Primary Tropical Forest,True,1
2014,2.353473469537488,29.886816809950417,Ituri,Wamba,Okapi Wildlife Reserve,70.94,0,0,Hansen GFC / GFW / MODIS / VIIRS / GEDI / Sentinel-2,Parametric Change Detection & Spatial Clustering,0.95,2026-06-09,L-2014-002,2014,70.94,Medium,4.59,Primary Tropical Forest,True,5
2014,1.9062807098137342,28.80925369932828,Ituri,Mambasa,Okapi Wildlife Reserve,49.9,0,0,Hansen GFC / GFW / MODIS / VIIRS / GEDI / Sentinel-2,Parametric Change Detection & Spatial Clustering,0.97,2026-06-09,L-2014-003,2014,49.9,High,8.03,Primary Tropical Forest,True,5
2014,1.647336628942036,29.77119788045914,Ituri,Wamba,Okapi Wildlife Reserve,48.99,0,0,Hansen GFC / GFW / MODIS / VIIRS / GEDI / Sentinel-2,Parametric Change Detection & Spatial Clustering,0.88,2026-06-09,L-2014-004,2014,48.99,High,8.41,Primary Tropical Forest,True,2
2014,1.7647777440168422,28.21048266966694,Ituri,Wamba,Okapi Wildlife Reserve,74.38,0,0,Hansen GFC / GFW / MODIS / VIIRS / GEDI / Sentinel-2,Parametric Change Detection & Spatial Clustering,0.96,2026-06-09,L-2014-005,2014,74.38,High,2.45,Primary Tropical Forest,True,5
2014,1.662129204242588,28.101636006950343,Ituri,Wamba,Okapi Wildlife Reserve,60.55,0,0,Hansen GFC / GFW / MODIS / VIIRS / GEDI / Sentinel-2,Parametric Change Detection & Spatial Clustering,0.92,2026-06-09,L-2014-006,2014,60.55,High,0.47,Primary Tropical Forest,True,5
2014,1.756301365686103,28.94361384040415,Ituri,Wamba,Okapi Wildlife Reserve,54.64,0,0,Hansen GFC / GFW / MODIS / VIIRS / GEDI / Sentinel-2,Parametric Change Detection & Spatial Clustering,0.85,2026-06-09,L-2014-007,2014,54.64,Medium,2.88,Primary Tropical Forest,True,2
2014,1.1651991030647493,28.233504571328517,Ituri,Wamba,Okapi Wildlife Reserve,71.11,0,0,Hansen GFC / GFW / MODIS / VIIRS / GEDI / Sentinel-2,Parametric Change Detection & Spatial Clustering,0.86,2026-06-09,L-2014-008,2014,71.11,Low,3.99,Primary Tropical Forest,True,1
2014,2.121811378551306,29.24465548274065,Ituri,Wamba,Okapi Wildlife Reserve,70.52,0,0,Hansen GFC / GFW / MODIS / VIIRS / GEDI / Sentinel-2,Parametric Change Detection & Spatial Clustering,0.94,2026-06-09,L-2014-009,2014,70.52,Low,1.73,Primary Tropical Forest,True,4
2014,2.056578267593989,28.74072092081195,Ituri,Wamba,Okapi Wildlife Reserve,61.9,0,0,Hansen GFC / GFW / MODIS / VIIRS / GEDI / Sentinel-2,Parametric Change Detection & Spatial Clustering,0.95,2026-06-09,L-2014-010,2014,61.9,Low,8.75,Primary Tropical Forest,True,3
2014,1.8766468481345215,28.356428885213308,Ituri,Mambasa,Okapi Wildlife Reserve,70.96,0,0,Hansen GFC / GFW / MODIS / VIIRS / GEDI / Sentinel-2,Parametric Change Detection & Spatial Clustering,0.87,2026-06-09,L-2014-011,2014,70.96,Medium,3.1,Primary Tropical Forest,True,3
2015,1.41113973805211,29.61116564093703,Ituri,Wamba,Okapi Wildlife Reserve,64.83,0,0,Hansen GFC / GFW / MODIS / VIIRS / GEDI / Sentinel-2,Parametric Change Detection & Spatial Clustering,0.98,2026-06-09,L-2015-000,2015,64.83,Medium,5.57,Primary Tropical Forest,True,4
2015,1.2070440311651496,29.246282261691093,Ituri,Epulu,Okapi Wildlife Reserve,66.8,0,0,Hansen GFC / GFW / MODIS / VIIRS / GEDI / Sentinel-2,Parametric Change Detection & Spatial Clustering,0.94,2026-06-09,L-2015-001,2015,66.8,Medium,0.88,Primary Tropical Forest,True,5
2015,1.7949467928878673,29.679741750155596,Ituri,Wamba,Okapi Wildlife Reserve,70.8,0,0,Hansen GFC / GFW / MODIS / VIIRS / GEDI / Sentinel-2,Parametric Change Detection & Spatial Clustering,0.87,2026-06-09,L-2015-002,2015,70.8,High,1.0,Primary Tropical Forest,True,5
2015,1.8900718099779348,28.819999304921698,Ituri,Epulu,Okapi Wildlife Reserve,73.03,0,0,Hansen GFC / GFW / MODIS / VIIRS / GEDI / Sentinel-2,Parametric Change Detection & Spatial Clustering,0.88,2026-06-09,L-2015-003,2015,73.03,Medium,7.56,Primary Tropical Forest,True,3
2015,1.646283458764831,27.98967557107433,Ituri,Epulu,Okapi Wildlife Reserve,62.09,0,0,Hansen GFC / GFW / MODIS / VIIRS / GEDI / Sentinel-2,Parametric Change Detection & Spatial Clustering,0.87,2026-06-09,L-2015-004,2015,62.09,Medium,9.12,Primary Tropical Forest,True,5
2015,2.0756840119898663,28.727195347908456,Ituri,Epulu,Okapi Wildlife Reserve,51.4,0,0,Hansen GFC / GFW / MODIS / VIIRS / GEDI / Sentinel-2,Parametric Change Detection & Spatial Clustering,0.96,2026-06-09,L-2015-005,2015,51.4,Medium,4.04,Primary Tropical Forest,True,5
2015,2.286862203260801,28.985230350182224,Ituri,Epulu,Okapi Wildlife Reserve,61.68,0,0,Hansen GFC / GFW / MODIS / VIIRS / GEDI / Sentinel-2,Parametric Change Detection & Spatial Clustering,0.88,2026-06-09,L-2015-006,2015,61.68,Low,6.07,Primary Tropical Forest,True,3
2015,1.3940854361262955,28.36629453007665,Ituri,Epulu,Okapi Wildlife Reserve,71.62,0,0,Hansen GFC / GFW / MODIS / VIIRS / GEDI / Sentinel-2,Parametric Change Detection & Spatial Clustering,0.93,2026-06-09,L-2015-007,2015,71.62,Low,0.47,Primary Tropical Forest,True,2
2015,1.5170408900913164,28.19385193310229,Ituri,Epulu,Okapi Wildlife Reserve,58.57,0,0,Hansen GFC / GFW / MODIS / VIIRS / GEDI / Sentinel-2,Parametric Change Detection & Spatial Clustering,0.88,2026-06-09,L-2015-008,2015,58.57,High,9.14,Primary Tropical Forest,True,1
2015,1.4365111033453561,28.57539503656637,Ituri,Epulu,Okapi Wildlife Reserve,55.47,0,0,Hansen GFC / GFW / MODIS / VIIRS / GEDI / Sentinel-2,Parametric Change Detection & Spatial Clustering,0.98,2026-06-09,L-2015-009,2015,55.47,Low,7.27,Primary Tropical Forest,True,4
2015,1.2541699184522903,29.71147434234028,Ituri,Epulu,Okapi Wildlife Reserve,66.21,0,0,Hansen GFC / GFW / MODIS / VIIRS / GEDI / Sentinel-2,Parametric Change Detection & Spatial Clustering,0.98,2026-06-09,L-2015-010,2015,66.21,Low,6.29,Primary Tropical Forest,True,4
2015,2.145472031977057,29.074589247034947,Ituri,Wamba,Okapi Wildlife Reserve,56.69,0,0,Hansen GFC / GFW / MODIS / VIIRS / GEDI / Sentinel-2,Parametric Change Detection & Spatial Clustering,0.89,2026-06-09,L-2015-011,2015,56.69,Medium,5.52,Primary Tropical Forest,True,3
2016,2.0340636479883423,28.401298076420098,Ituri,Mambasa,Okapi Wildlife Reserve,76.0,0,0,Hansen GFC / GFW / MODIS / VIIRS / GEDI / Sentinel-2,Parametric Change Detection & Spatial Clustering,0.96,2026-06-09,L-2016-000,2016,76.0,High,1.5,Primary Tropical Forest,True,1
2016,1.6022541583152565,27.756766314829182,Ituri,Mambasa,Okapi Wildlife Reserve,65.5,0,0,Hansen GFC / GFW / MODIS / VIIRS / GEDI / Sentinel-2,Parametric Change Detection & Spatial Clustering,0.96,2026-06-09,L-2016-001,2016,65.5,Low,6.31,Primary Tropical Forest,True,1
2016,1.3607993422621072,28.838545986058357,Ituri,Epulu,Okapi Wildlife Reserve,60.65,0,0,Hansen GFC / GFW / MODIS / VIIRS / GEDI / Sentinel-2,Parametric Change Detection & Spatial Clustering,0.94,2026-06-09,L-2016-002,2016,60.65,Low,0.97,Primary Tropical Forest,True,2
2016,1.4758481580254448,29.5504856836378,Ituri,Mambasa,Okapi Wildlife Reserve,72.17,0,0,Hansen GFC / GFW / MODIS / VIIRS / GEDI / Sentinel-2,Parametric Change Detection & Spatial Clustering,0.89,2026-06-09,L-2016-003,2016,72.17,Low,5.89,Primary Tropical Forest,True,3
2016,1.7186064989670582,27.88242695391629,Ituri,Wamba,Okapi Wildlife Reserve,67.74,0,0,Hansen GFC / GFW / MODIS / VIIRS / GEDI / Sentinel-2,Parametric Change Detection & Spatial Clustering,0.96,2026-06-09,L-2016-004,2016,67.74,Low,0.64,Primary Tropical Forest,True,2
2016,1.8765796311449572,27.658586414644088,Ituri,Wamba,Okapi Wildlife Reserve,76.87,0,0,Hansen GFC / GFW / MODIS / VIIRS / GEDI / Sentinel-2,Parametric Change Detection & Spatial Clustering,0.89,2026-06-09,L-2016-005,2016,76.87,Medium,7.76,Primary Tropical Forest,True,1
2016,2.1022858047835404,28.104604620510234,Ituri,Wamba,Okapi Wildlife Reserve,55.48,0,0,Hansen GFC / GFW / MODIS / VIIRS / GEDI / Sentinel-2,Parametric Change Detection & Spatial Clustering,0.92,2026-06-09,L-2016-006,2016,55.48,High,3.59,Primary Tropical Forest,True,5
2016,1.5106375564002745,28.725234847609638,Ituri,Wamba,Okapi Wildlife Reserve,73.06,0,0,Hansen GFC / GFW / MODIS / VIIRS / GEDI / Sentinel-2,Parametric Change Detection & Spatial Clustering,0.97,2026-06-09,L-2016-007,2016,73.06,Low,5.12,Primary Tropical Forest,True,4
2016,1.791241474941109,29.471552440107864,Ituri,Wamba,Okapi Wildlife Reserve,65.83,0,0,Hansen GFC / GFW / MODIS / VIIRS / GEDI / Sentinel-2,Parametric Change Detection & Spatial Clustering,0.94,2026-06-09,L-2016-008,2016,65.83,Low,7.82,Primary Tropical Forest,True,2
2016,1.67786544646242,29.57674290175958,Ituri,Wamba,Okapi Wildlife Reserve,71.37,0,0,Hansen GFC / GFW / MODIS / VIIRS / GEDI / Sentinel-2,Parametric Change Detection & Spatial Clustering,0.9,2026-06-09,L-2016-009,2016,71.37,High,0.55,Primary Tropical Forest,True,3
2017,1.304991951814926,29.40098290906543,Ituri,Mambasa,Okapi Wildlife Reserve,70.88,0,0,Hansen GFC / GFW / MODIS / VIIRS / GEDI / Sentinel-2,Parametric Change Detection & Spatial Clustering,0.87,2026-06-09,L-2017-000,2017,70.88,High,5.2,Primary Tropical Forest,True,4
2017,2.1154202094941583,28.000954372300665,Ituri,Wamba,Okapi Wildlife Reserve,79.86,0,0,Hansen GFC / GFW / MODIS / VIIRS / GEDI / Sentinel-2,Parametric Change Detection & Spatial Clustering,0.85,2026-06-09,L-2017-001,2017,79.86,High,7.79,Primary Tropical Forest,True,1
2017,2.220104509192857,28.886936238585005,Ituri,Mambasa,Okapi Wildlife Reserve,57.62,0,0,Hansen GFC / GFW / MODIS / VIIRS / GEDI / Sentinel-2,Parametric Change Detection & Spatial Clustering,0.96,2026-06-09,L-2017-002,2017,57.62,Medium,3.25,Primary Tropical Forest,True,1
2017,2.219763705880175,28.585408162572882,Ituri,Wamba,Okapi Wildlife Reserve,66.29,0,0,Hansen GFC / GFW / MODIS / VIIRS / GEDI / Sentinel-2,Parametric Change Detection & Spatial Clustering,0.97,2026-06-09,L-2017-003,2017,66.29,Low,2.57,Primary Tropical Forest,True,2
2017,1.7274449919082697,29.46434438785199,Ituri,Wamba,Okapi Wildlife Reserve,64.75,0,0,Hansen GFC / GFW / MODIS / VIIRS / GEDI / Sentinel-2,Parametric Change Detection & Spatial Clustering,0.97,2026-06-09,L-2017-004,2017,64.75,High,3.29,Primary Tropical Forest,True,3
2017,2.3425113138613027,27.946418730164144,Ituri,Epulu,Okapi Wildlife Reserve,75.13,0,0,Hansen GFC / GFW / MODIS / VIIRS / GEDI / Sentinel-2,Parametric Change Detection & Spatial Clustering,0.93,2026-06-09,L-2017-005,2017,75.13,Low,9.17,Primary Tropical Forest,True,3
2017,1.5301871963976226,28.483141148434278,Ituri,Epulu,Okapi Wildlife Reserve,67.17,0,0,Hansen GFC / GFW / MODIS / VIIRS / GEDI / Sentinel-2,Parametric Change Detection & Spatial Clustering,0.98,2026-06-09,L-2017-006,2017,67.17,Medium,6.8,Primary Tropical Forest,True,2
2017,1.1987859642692207,27.67427621700311,Ituri,Wamba,Okapi Wildlife Reserve,64.33,0,0,Hansen GFC / GFW / MODIS / VIIRS / GEDI / Sentinel-2,Parametric Change Detection & Spatial Clustering,0.88,2026-06-09,L-2017-007,2017,64.33,Low,6.29,Primary Tropical Forest,True,3
2017,1.4671894609120293,28.599487792448098,Ituri,Mambasa,Okapi Wildlife Reserve,58.4,0,0,Hansen GFC / GFW / MODIS / VIIRS / GEDI / Sentinel-2,Parametric Change Detection & Spatial Clustering,0.89,2026-06-09,L-2017-008,2017,58.4,Medium,2.83,Primary Tropical Forest,True,5
2017,1.583462989499274,29.89465772733792,Ituri,Wamba,Okapi Wildlife Reserve,68.87,0,0,Hansen GFC / GFW / MODIS / VIIRS / GEDI / Sentinel-2,Parametric Change Detection & Spatial Clustering,0.91,2026-06-09,L-2017-009,2017,68.87,High,2.5,Primary Tropical Forest,True,5
2018,1.5842358448142253,28.836424256285603,Ituri,Mambasa,Okapi Wildlife Reserve,85.28,0,0,Hansen GFC / GFW / MODIS / VIIRS / GEDI / Sentinel-2,Parametric Change Detection & Spatial Clustering,0.89,2026-06-09,L-2018-000,2018,85.28,High,1.15,Primary Tropical Forest,True,4
2018,1.103302859810603,29.796553959377373,Ituri,Epulu,Okapi Wildlife Reserve,60.18,0,0,Hansen GFC / GFW / MODIS / VIIRS / GEDI / Sentinel-2,Parametric Change Detection & Spatial Clustering,0.88,2026-06-09,L-2018-001,2018,60.18,Medium,0.66,Primary Tropical Forest,True,3
2018,2.3308133274528458,27.62274836501741,Ituri,Wamba,Okapi Wildlife Reserve,67.98,0,0,Hansen GFC / GFW / MODIS / VIIRS / GEDI / Sentinel-2,Parametric Change Detection & Spatial Clustering,0.86,2026-06-09,L-2018-002,2018,67.98,Low,0.85,Primary Tropical Forest,True,5
2018,1.3527088401753176,29.276473517374466,Ituri,Mambasa,Okapi Wildlife Reserve,58.55,0,0,Hansen GFC / GFW / MODIS / VIIRS / GEDI / Sentinel-2,Parametric Change Detection & Spatial Clustering,0.9,2026-06-09,L-2018-003,2018,58.55,Low,6.73,Primary Tropical Forest,True,5
2018,1.7954397447872026,29.77351436549413,Ituri,Epulu,Okapi Wildlife Reserve,72.89,0,0,Hansen GFC / GFW / MODIS / VIIRS / GEDI / Sentinel-2,Parametric Change Detection & Spatial Clustering,0.87,2026-06-09,L-2018-004,2018,72.89,High,2.36,Primary Tropical Forest,True,3
2018,2.0340897966478364,28.137473713154186,Ituri,Wamba,Okapi Wildlife Reserve,69.34,0,0,Hansen GFC / GFW / MODIS / VIIRS / GEDI / Sentinel-2,Parametric Change Detection & Spatial Clustering,0.95,2026-06-09,L-2018-005,2018,69.34,Low,7.7,Primary Tropical Forest,True,4
2018,1.7210560838080193,27.882752105896216,Ituri,Mambasa,Okapi Wildlife Reserve,60.57,0,0,Hansen GFC / GFW / MODIS / VIIRS / GEDI / Sentinel-2,Parametric Change Detection & Spatial Clustering,0.89,2026-06-09,L-2018-006,2018,60.57,High,8.35,Primary Tropical Forest,True,1
2018,2.282086026138682,28.294717505343087,Ituri,Mambasa,Okapi Wildlife Reserve,71.66,0,0,Hansen GFC / GFW / MODIS / VIIRS / GEDI / Sentinel-2,Parametric Change Detection & Spatial Clustering,0.87,2026-06-09,L-2018-007,2018,71.66,Medium,3.9,Primary Tropical Forest,True,3
2018,2.0140759004461604,29.338995377238117,Ituri,Epulu,Okapi Wildlife Reserve,63.71,0,0,Hansen GFC / GFW / MODIS / VIIRS / GEDI / Sentinel-2,Parametric Change Detection & Spatial Clustering,0.87,2026-06-09,L-2018-008,2018,63.71,Low,6.23,Primary Tropical Forest,True,5
2018,1.981572494601941,28.515985850191292,Ituri,Epulu,Okapi Wildlife Reserve,56.95,0,0,Hansen GFC / GFW / MODIS / VIIRS / GEDI / Sentinel-2,Parametric Change Detection & Spatial Clustering,0.95,2026-06-09,L-2018-009,2018,56.95,Medium,6.72,Primary Tropical Forest,True,4
2019,1.9063961518474297,27.62559050845396,Ituri,Wamba,Okapi Wildlife Reserve,58.28,0,0,Hansen GFC / GFW / MODIS / VIIRS / GEDI / Sentinel-2,Parametric Change Detection & Spatial Clustering,0.87,2026-06-09,L-2019-000,2019,58.28,High,1.52,Primary Tropical Forest,True,1
2019,2.096014526434595,27.755628541303516,Ituri,Mambasa,Okapi Wildlife Reserve,81.42,0,0,Hansen GFC / GFW / MODIS / VIIRS / GEDI / Sentinel-2,Parametric Change Detection & Spatial Clustering,0.87,2026-06-09,L-2019-001,2019,81.42,Low,4.94,Primary Tropical Forest,True,2
2019,1.6853662123158877,29.34619676617044,Ituri,Mambasa,Okapi Wildlife Reserve,59.41,0,0,Hansen GFC / GFW / MODIS / VIIRS / GEDI / Sentinel-2,Parametric Change Detection & Spatial Clustering,0.91,2026-06-09,L-2019-002,2019,59.41,Low,0.76,Primary Tropical Forest,True,1
2019,2.284838169123545,28.120848357562156,Ituri,Wamba,Okapi Wildlife Reserve,78.23,0,0,Hansen GFC / GFW / MODIS / VIIRS / GEDI / Sentinel-2,Parametric Change Detection & Spatial Clustering,0.85,2026-06-09,L-2019-003,2019,78.23,High,6.52,Primary Tropical Forest,True,5
2019,1.6436942805766712,28.54865846751765,Ituri,Epulu,Okapi Wildlife Reserve,58.11,0,0,Hansen GFC / GFW / MODIS / VIIRS / GEDI / Sentinel-2,Parametric Change Detection & Spatial Clustering,0.87,2026-06-09,L-2019-004,2019,58.11,High,2.84,Primary Tropical Forest,True,4
2019,2.371473866985545,27.957091696396848,Ituri,Wamba,Okapi Wildlife Reserve,63.74,0,0,Hansen GFC / GFW / MODIS / VIIRS / GEDI / Sentinel-2,Parametric Change Detection & Spatial Clustering,0.88,2026-06-09,L-2019-005,2019,63.74,High,5.32,Primary Tropical Forest,True,5
2019,1.9197518392311692,27.60844657547779,Ituri,Wamba,Okapi Wildlife Reserve,70.06,0,0,Hansen GFC / GFW / MODIS / VIIRS / GEDI / Sentinel-2,Parametric Change Detection & Spatial Clustering,0.95,2026-06-09,L-2019-006,2019,70.06,High,4.47,Primary Tropical Forest,True,5
2019,1.1407503517693915,29.465309830385777,Ituri,Mambasa,Okapi Wildlife Reserve,65.44,0,0,Hansen GFC / GFW / MODIS / VIIRS / GEDI / Sentinel-2,Parametric Change Detection & Spatial Clustering,0.89,2026-06-09,L-2019-007,2019,65.44,Low,5.93,Primary Tropical Forest,True,5
2020,1.2571242404214802,29.21529487156104,Ituri,Mambasa,Okapi Wildlife Reserve,64.29,0,0,Hansen GFC / GFW / MODIS / VIIRS / GEDI / Sentinel-2,Parametric Change Detection & Spatial Clustering,0.98,2026-06-09,L-2020-000,2020,64.29,Low,5.69,Primary Tropical Forest,True,4
2020,1.8432291811012194,28.495790245832946,Ituri,Wamba,Okapi Wildlife Reserve,85.8,0,0,Hansen GFC / GFW / MODIS / VIIRS / GEDI / Sentinel-2,Parametric Change Detection & Spatial Clustering,0.98,2026-06-09,L-2020-001,2020,85.8,Low,8.77,Primary Tropical Forest,True,2
2020,1.804802828611658,29.371946695071557,Ituri,Wamba,Okapi Wildlife Reserve,67.45,0,0,Hansen GFC / GFW / MODIS / VIIRS / GEDI / Sentinel-2,Parametric Change Detection & Spatial Clustering,0.89,2026-06-09,L-2020-002,2020,67.45,High,8.18,Primary Tropical Forest,True,5
2020,1.5633183579681806,27.97774840874588,Ituri,Wamba,Okapi Wildlife Reserve,87.13,0,0,Hansen GFC / GFW / MODIS / VIIRS / GEDI / Sentinel-2,Parametric Change Detection & Spatial Clustering,0.98,2026-06-09,L-2020-003,2020,87.13,Low,3.41,Primary Tropical Forest,True,4
2020,2.079656591537206,29.194981968150838,Ituri,Mambasa,Okapi Wildlife Reserve,63.22,0,0,Hansen GFC / GFW / MODIS / VIIRS / GEDI / Sentinel-2,Parametric Change Detection & Spatial Clustering,0.89,2026-06-09,L-2020-004,2020,63.22,Medium,1.71,Primary Tropical Forest,True,1
2020,1.9182919180772406,29.43228576691225,Ituri,Mambasa,Okapi Wildlife Reserve,60.81,0,0,Hansen GFC / GFW / MODIS / VIIRS / GEDI / Sentinel-2,Parametric Change Detection & Spatial Clustering,0.93,2026-06-09,L-2020-005,2020,60.81,High,2.35,Primary Tropical Forest,True,4
2021,1.3004469541219943,28.93032566515475,Ituri,Epulu,Okapi Wildlife Reserve,91.2,0,0,Hansen GFC / GFW / MODIS / VIIRS / GEDI / Sentinel-2,Parametric Change Detection & Spatial Clustering,0.9,2026-06-09,L-2021-000,2021,91.2,High,7.88,Primary Tropical Forest,True,2
2021,1.2301516037642155,28.719554672851082,Ituri,Wamba,Okapi Wildlife Reserve,89.61,0,0,Hansen GFC / GFW / MODIS / VIIRS / GEDI / Sentinel-2,Parametric Change Detection & Spatial Clustering,0.9,2026-06-09,L-2021-001,2021,89.61,High,7.03,Primary Tropical Forest,True,5
2021,1.443458248444078,29.023015240870713,Ituri,Wamba,Okapi Wildlife Reserve,81.5,0,0,Hansen GFC / GFW / MODIS / VIIRS / GEDI / Sentinel-2,Parametric Change Detection & Spatial Clustering,0.92,2026-06-09,L-2021-002,2021,81.5,Medium,7.01,Primary Tropical Forest,True,4
2021,1.534693071433535,29.411198185120348,Ituri,Wamba,Okapi Wildlife Reserve,66.04,0,0,Hansen GFC / GFW / MODIS / VIIRS / GEDI / Sentinel-2,Parametric Change Detection & Spatial Clustering,0.94,2026-06-09,L-2021-003,2021,66.04,High,3.03,Primary Tropical Forest,True,2
2021,1.5334964189032558,28.169629130068806,Ituri,Mambasa,Okapi Wildlife Reserve,87.45,0,0,Hansen GFC / GFW / MODIS / VIIRS / GEDI / Sentinel-2,Parametric Change Detection & Spatial Clustering,0.91,2026-06-09,L-2021-004,2021,87.45,High,2.49,Primary Tropical Forest,True,5
2021,1.4578624825348334,29.771024293952852,Ituri,Mambasa,Okapi Wildlife Reserve,75.8,0,0,Hansen GFC / GFW / MODIS / VIIRS / GEDI / Sentinel-2,Parametric Change Detection & Spatial Clustering,0.93,2026-06-09,L-2021-005,2021,75.8,Medium,4.14,Primary Tropical Forest,True,3
2021,2.291218897235404,28.425834894234857,Ituri,Epulu,Okapi Wildlife Reserve,91.89,0,0,Hansen GFC / GFW / MODIS / VIIRS / GEDI / Sentinel-2,Parametric Change Detection & Spatial Clustering,0.96,2026-06-09,L-2021-006,2021,91.89,Low,8.18,Primary Tropical Forest,True,5
2021,1.8748301875538786,29.891818629898026,Ituri,Wamba,Okapi Wildlife Reserve,81.26,0,0,Hansen GFC / GFW / MODIS / VIIRS / GEDI / Sentinel-2,Parametric Change Detection & Spatial Clustering,0.87,2026-06-09,L-2021-007,2021,81.26,Low,0.84,Primary Tropical Forest,True,1
2021,1.6538750787135938,29.084329864706504,Ituri,Epulu,Okapi Wildlife Reserve,87.13,0,0,Hansen GFC / GFW / MODIS / VIIRS / GEDI / Sentinel-2,Parametric Change Detection & Spatial Clustering,0.96,2026-06-09,L-2021-008,2021,87.13,High,3.56,Primary Tropical Forest,True,4
2022,2.1086461691819727,27.862053137176286,Ituri,Wamba,Okapi Wildlife Reserve,90.91,0,0,Hansen GFC / GFW / MODIS / VIIRS / GEDI / Sentinel-2,Parametric Change Detection & Spatial Clustering,0.89,2026-06-09,L-2022-000,2022,90.91,Medium,8.18,Primary Tropical Forest,True,3
2022,1.257589915364536,28.042431085123507,Ituri,Epulu,Okapi Wildlife Reserve,68.97,0,0,Hansen GFC / GFW / MODIS / VIIRS / GEDI / Sentinel-2,Parametric Change Detection & Spatial Clustering,0.92,2026-06-09,L-2022-001,2022,68.97,Low,0.83,Primary Tropical Forest,True,5
2022,2.3237677732141133,28.52870150361773,Ituri,Mambasa,Okapi Wildlife Reserve,76.78,0,0,Hansen GFC / GFW / MODIS / VIIRS / GEDI / Sentinel-2,Parametric Change Detection & Spatial Clustering,0.95,2026-06-09,L-2022-002,2022,76.78,Low,4.06,Primary Tropical Forest,True,2
2022,1.5697418736882112,29.204482760319117,Ituri,Mambasa,Okapi Wildlife Reserve,90.04,0,0,Hansen GFC / GFW / MODIS / VIIRS / GEDI / Sentinel-2,Parametric Change Detection & Spatial Clustering,0.86,2026-06-09,L-2022-003,2022,90.04,Low,8.9,Primary Tropical Forest,True,1
2022,1.858730999342399,28.764258214518318,Ituri,Wamba,Okapi Wildlife Reserve,74.36,0,0,Hansen GFC / GFW / MODIS / VIIRS / GEDI / Sentinel-2,Parametric Change Detection & Spatial Clustering,0.87,2026-06-09,L-2022-004,2022,74.36,Low,7.01,Primary Tropical Forest,True,5
2022,2.018529443332058,29.438165804294716,Ituri,Wamba,Okapi Wildlife Reserve,83.5,0,0,Hansen GFC / GFW / MODIS / VIIRS / GEDI / Sentinel-2,Parametric Change Detection & Spatial Clustering,0.94,2026-06-09,L-2022-005,2022,83.5,High,1.38,Primary Tropical Forest,True,4
2023,1.299728359604333,27.774773561311385,Ituri,Mambasa,Okapi Wildlife Reserve,80.21,0,0,Hansen GFC / GFW / MODIS / VIIRS / GEDI / Sentinel-2,Parametric Change Detection & Spatial Clustering,0.88,2026-06-09,L-2023-000,2023,80.21,Medium,5.72,Primary Tropical Forest,True,3
2023,1.6282422687984353,29.78055383389447,Ituri,Epulu,Okapi Wildlife Reserve,88.6,0,0,Hansen GFC / GFW / MODIS / VIIRS / GEDI / Sentinel-2,Parametric Change Detection & Spatial Clustering,0.9,2026-06-09,L-2023-001,2023,88.6,Medium,9.44,Primary Tropical Forest,True,1
2023,1.1221086104256461,29.581980952565075,Ituri,Mambasa,Okapi Wildlife Reserve,93.83,0,0,Hansen GFC / GFW / MODIS / VIIRS / GEDI / Sentinel-2,Parametric Change Detection & Spatial Clustering,0.88,2026-06-09,L-2023-002,2023,93.83,High,7.77,Primary Tropical Forest,True,3
2023,1.256733062455241,27.708184996563,Ituri,Wamba,Okapi Wildlife Reserve,77.87,0,0,Hansen GFC / GFW / MODIS / VIIRS / GEDI / Sentinel-2,Parametric Change Detection & Spatial Clustering,0.96,2026-06-09,L-2023-003,2023,77.87,Low,9.32,Primary Tropical Forest,True,1
2023,1.7119368796970957,28.747001450183117,Ituri,Epulu,Okapi Wildlife Reserve,74.96,0,0,Hansen GFC / GFW / MODIS / VIIRS / GEDI / Sentinel-2,Parametric Change Detection & Spatial Clustering,0.93,2026-06-09,L-2023-004,2023,74.96,Medium,5.91,Primary Tropical Forest,True,3
2023,1.9119608004722148,29.60462184786652,Ituri,Wamba,Okapi Wildlife Reserve,72.71,0,0,Hansen GFC / GFW / MODIS / VIIRS / GEDI / Sentinel-2,Parametric Change Detection & Spatial Clustering,0.92,2026-06-09,L-2023-005,2023,72.71,Low,4.58,Primary Tropical Forest,True,4
2023,2.260108150552915,29.523407256641317,Ituri,Mambasa,Okapi Wildlife Reserve,84.85,0,0,Hansen GFC / GFW / MODIS / VIIRS / GEDI / Sentinel-2,Parametric Change Detection & Spatial Clustering,0.96,2026-06-09,L-2023-006,2023,84.85,High,5.75,Primary Tropical Forest,True,2
2023,1.4974708728161552,29.75687218368085,Ituri,Wamba,Okapi Wildlife Reserve,75.26,0,0,Hansen GFC / GFW / MODIS / VIIRS / GEDI / Sentinel-2,Parametric Change Detection & Spatial Clustering,0.92,2026-06-09,L-2023-007,2023,75.26,High,5.11,Primary Tropical Forest,True,2
2023,1.1539237047293616,28.656405516911835,Ituri,Epulu,Okapi Wildlife Reserve,82.4,0,0,Hansen GFC / GFW / MODIS / VIIRS / GEDI / Sentinel-2,Parametric Change Detection & Spatial Clustering,0.96,2026-06-09,L-2023-008,2023,82.4,Medium,9.77,Primary Tropical Forest,True,1
2024,1.741053298950699,29.83022301527576,Ituri,Mambasa,Okapi Wildlife Reserve,94.76,0,0,Hansen GFC / GFW / MODIS / VIIRS / GEDI / Sentinel-2,Parametric Change Detection & Spatial Clustering,0.93,2026-06-09,L-2024-000,2024,94.76,Medium,7.47,Primary Tropical Forest,True,1
2024,1.2460061016269812,29.13537983841707,Ituri,Epulu,Okapi Wildlife Reserve,83.44,0,0,Hansen GFC / GFW / MODIS / VIIRS / GEDI / Sentinel-2,Parametric Change Detection & Spatial Clustering,0.98,2026-06-09,L-2024-001,2024,83.44,Medium,7.18,Primary Tropical Forest,True,4
2024,2.3378516572827897,28.928646543130633,Ituri,Mambasa,Okapi Wildlife Reserve,74.47,0,0,Hansen GFC / GFW / MODIS / VIIRS / GEDI / Sentinel-2,Parametric Change Detection & Spatial Clustering,0.94,2026-06-09,L-2024-002,2024,74.47,High,5.78,Primary Tropical Forest,True,2
2024,1.6844186970804493,28.98773655784572,Ituri,Epulu,Okapi Wildlife Reserve,93.7,0,0,Hansen GFC / GFW / MODIS / VIIRS / GEDI / Sentinel-2,Parametric Change Detection & Spatial Clustering,0.88,2026-06-09,L-2024-003,2024,93.7,Low,7.19,Primary Tropical Forest,True,4
2024,1.552180410766161,29.13445926683195,Ituri,Wamba,Okapi Wildlife Reserve,75.29,0,0,Hansen GFC / GFW / MODIS / VIIRS / GEDI / Sentinel-2,Parametric Change Detection & Spatial Clustering,0.92,2026-06-09,L-2024-004,2024,75.29,High,9.77,Primary Tropical Forest,True,5
2024,1.197342005811426,27.667578250878606,Ituri,Wamba,Okapi Wildlife Reserve,87.89,0,0,Hansen GFC / GFW / MODIS / VIIRS / GEDI / Sentinel-2,Parametric Change Detection & Spatial Clustering,0.87,2026-06-09,L-2024-005,2024,87.89,Low,4.0,Primary Tropical Forest,True,5
2024,1.2656895662437262,27.669633439417645,Ituri,Mambasa,Okapi Wildlife Reserve,86.79,0,0,Hansen GFC / GFW / MODIS / VIIRS / GEDI / Sentinel-2,Parametric Change Detection & Spatial Clustering,0.93,2026-06-09,L-2024-006,2024,86.79,Low,7.64,Primary Tropical Forest,True,4
2025,1.3729841702583325,29.730800023573533,Ituri,Wamba,Okapi Wildlife Reserve,70.8,0,0,Hansen GFC / GFW / MODIS / VIIRS / GEDI / Sentinel-2,Parametric Change Detection & Spatial Clustering,0.9,2026-06-09,L-2025-000,2025,70.8,Low,3.97,Primary Tropical Forest,True,1
2025,2.379030361362987,28.593302937585342,Ituri,Epulu,Okapi Wildlife Reserve,99.34,0,0,Hansen GFC / GFW / MODIS / VIIRS / GEDI / Sentinel-2,Parametric Change Detection & Spatial Clustering,0.88,2026-06-09,L-2025-001,2025,99.34,Low,9.27,Primary Tropical Forest,True,2
2025,2.1374600581881573,28.244567955152,Ituri,Wamba,Okapi Wildlife Reserve,97.1,0,0,Hansen GFC / GFW / MODIS / VIIRS / GEDI / Sentinel-2,Parametric Change Detection & Spatial Clustering,0.94,2026-06-09,L-2025-002,2025,97.1,Medium,1.3,Primary Tropical Forest,True,2
2025,1.8301946581904078,27.728285815599804,Ituri,Wamba,Okapi Wildlife Reserve,92.61,0,0,Hansen GFC / GFW / MODIS / VIIRS / GEDI / Sentinel-2,Parametric Change Detection & Spatial Clustering,0.85,2026-06-09,L-2025-003,2025,92.61,Medium,7.66,Primary Tropical Forest,True,2
2025,1.2815464867207327,27.884750375717598,Ituri,Wamba,Okapi Wildlife Reserve,93.06,0,0,Hansen GFC / GFW / MODIS / VIIRS / GEDI / Sentinel-2,Parametric Change Detection & Spatial Clustering,0.98,2026-06-09,L-2025-004,2025,93.06,Low,1.35,Primary Tropical Forest,True,4
2025,2.1321532506291714,28.503259064492514,Ituri,Mambasa,Okapi Wildlife Reserve,89.14,0,0,Hansen GFC / GFW / MODIS / VIIRS / GEDI / Sentinel-2,Parametric Change Detection & Spatial Clustering,0.88,2026-06-09,L-2025-005,2025,89.14,Low,3.45,Primary Tropical Forest,True,1
2025,1.150023828987305,28.15656703959887,Ituri,Epulu,Okapi Wildlife Reserve,86.87,0,0,Hansen GFC / GFW / MODIS / VIIRS / GEDI / Sentinel-2,Parametric Change Detection & Spatial Clustering,0.93,2026-06-09,L-2025-006,2025,86.87,Medium,3.41,Primary Tropical Forest,True,1
2025,1.526889984510229,28.186167837432087,Ituri,Wamba,Okapi Wildlife Reserve,97.78,0,0,Hansen GFC / GFW / MODIS / VIIRS / GEDI / Sentinel-2,Parametric Change Detection & Spatial Clustering,0.96,2026-06-09,L-2025-007,2025,97.78,Low,0.26,Primary Tropical Forest,True,3
2025,1.462309952545211,27.974719202989338,Ituri,Wamba,Okapi Wildlife Reserve,92.64,0,0,Hansen GFC / GFW / MODIS / VIIRS / GEDI / Sentinel-2,Parametric Change Detection & Spatial Clustering,0.89,2026-06-09,L-2025-008,2025,92.64,High,3.87,Primary Tropical Forest,True,2
2025,1.5970914589451364,29.400439478869295,Ituri,Wamba,Okapi Wildlife Reserve,71.97,0,0,Hansen GFC / GFW / MODIS / VIIRS / GEDI / Sentinel-2,Parametric Change Detection & Spatial Clustering,0.87,2026-06-09,L-2025-009,2025,71.97,High,9.84,Primary Tropical Forest,True,4
2026,1.788595176483955,29.89916918109993,Ituri,Mambasa,Okapi Wildlife Reserve,80.42,0,0,Hansen GFC / GFW / MODIS / VIIRS / GEDI / Sentinel-2,Parametric Change Detection & Spatial Clustering,0.96,2026-06-09,L-2026-000,2026,80.42,High,4.61,Primary Tropical Forest,True,4
2026,1.9732023738219966,27.821114946803153,Ituri,Epulu,Okapi Wildlife Reserve,94.2,0,0,Hansen GFC / GFW / MODIS / VIIRS / GEDI / Sentinel-2,Parametric Change Detection & Spatial Clustering,0.95,2026-06-09,L-2026-001,2026,94.2,Medium,2.32,Primary Tropical Forest,True,4
2026,1.4759213382320404,29.233988530321056,Ituri,Epulu,Okapi Wildlife Reserve,95.09,0,0,Hansen GFC / GFW / MODIS / VIIRS / GEDI / Sentinel-2,Parametric Change Detection & Spatial Clustering,0.97,2026-06-09,L-2026-002,2026,95.09,Medium,0.1,Primary Tropical Forest,True,1
2026,1.6009610222392747,28.419351314691266,Ituri,Mambasa,Okapi Wildlife Reserve,91.13,0,0,Hansen GFC / GFW / MODIS / VIIRS / GEDI / Sentinel-2,Parametric Change Detection & Spatial Clustering,0.87,2026-06-09,L-2026-003,2026,91.13,High,2.67,Primary Tropical Forest,True,1
2026,2.056174165642804,27.941990267704835,Ituri,Wamba,Okapi Wildlife Reserve,82.99,0,0,Hansen GFC / GFW / MODIS / VIIRS / GEDI / Sentinel-2,Parametric Change Detection & Spatial Clustering,0.88,2026-06-09,L-2026-004,2026,82.99,High,1.72,Primary Tropical Forest,True,5
2026,1.8254703618558774,27.948569290278787,Ituri,Wamba,Okapi Wildlife Reserve,93.17,0,0,Hansen GFC / GFW / MODIS / VIIRS / GEDI / Sentinel-2,Parametric Change Detection & Spatial Clustering,0.9,2026-06-09,L-2026-005,2026,93.17,Low,6.6,Primary Tropical Forest,True,5
2026,1.8370711811691671,28.043339265745225,Ituri,Wamba,Okapi Wildlife Reserve,101.08,0,0,Hansen GFC / GFW / MODIS / VIIRS / GEDI / Sentinel-2,Parametric Change Detection & Spatial Clustering,0.87,2026-06-09,L-2026-006,2026,101.08,Low,8.48,Primary Tropical Forest,True,2
2026,1.8490822515554406,28.24293518566412,Ituri,Wamba,Okapi Wildlife Reserve,91.24,0,0,Hansen GFC / GFW / MODIS / VIIRS / GEDI / Sentinel-2,Parametric Change Detection & Spatial Clustering,0.96,2026-06-09,L-2026-007,2026,91.24,High,8.83,Primary Tropical Forest,True,3
2027,1.1947465146843432,28.786517095354053,Ituri,Wamba,Okapi Wildlife Reserve,100.15,0,0,Hansen GFC / GFW / MODIS / VIIRS / GEDI / Sentinel-2,Parametric Change Detection & Spatial Clustering,0.87,2026-06-09,L-2027-000,2027,100.15,Low,8.44,Primary Tropical Forest,True,1
2027,1.4966615496884494,29.208002453469447,Ituri,Wamba,Okapi Wildlife Reserve,75.33,0,0,Hansen GFC / GFW / MODIS / VIIRS / GEDI / Sentinel-2,Parametric Change Detection & Spatial Clustering,0.97,2026-06-09,L-2027-001,2027,75.33,Medium,9.13,Primary Tropical Forest,True,1
2027,2.0022691008607367,27.888065887995012,Ituri,Mambasa,Okapi Wildlife Reserve,88.24,0,0,Hansen GFC / GFW / MODIS / VIIRS / GEDI / Sentinel-2,Parametric Change Detection & Spatial Clustering,0.85,2026-06-09,L-2027-002,2027,88.24,High,6.04,Primary Tropical Forest,True,1
2027,1.5266344000588534,28.249480095340168,Ituri,Epulu,Okapi Wildlife Reserve,95.05,0,0,Hansen GFC / GFW / MODIS / VIIRS / GEDI / Sentinel-2,Parametric Change Detection & Spatial Clustering,0.92,2026-06-09,L-2027-003,2027,95.05,Low,3.67,Primary Tropical Forest,True,5
2027,1.8287026387863499,27.862751657710923,Ituri,Wamba,Okapi Wildlife Reserve,92.63,0,0,Hansen GFC / GFW / MODIS / VIIRS / GEDI / Sentinel-2,Parametric Change Detection & Spatial Clustering,0.86,2026-06-09,L-2027-004,2027,92.63,Low,9.64,Primary Tropical Forest,True,4
2027,2.120400299991697,28.073534960096328,Ituri,Epulu,Okapi Wildlife Reserve,103.67,0,0,Hansen GFC / GFW / MODIS / VIIRS / GEDI / Sentinel-2,Parametric Change Detection & Spatial Clustering,0.9,2026-06-09,L-2027-005,2027,103.67,High,1.26,Primary Tropical Forest,True,4
2027,1.8917917064107241,29.253405911008905,Ituri,Epulu,Okapi Wildlife Reserve,99.47,0,0,Hansen GFC / GFW / MODIS / VIIRS / GEDI / Sentinel-2,Parametric Change Detection & Spatial Clustering,0.94,2026-06-09,L-2027-006,2027,99.47,High,9.87,Primary Tropical Forest,True,3
2027,1.8564817328742218,28.3483313257185,Ituri,Epulu,Okapi Wildlife Reserve,96.52,0,0,Hansen GFC / GFW / MODIS / VIIRS / GEDI / Sentinel-2,Parametric Change Detection & Spatial Clustering,0.94,2026-06-09,L-2027-007,2027,96.52,Low,8.16,Primary Tropical Forest,True,5
2027,1.5178564093782692,28.942486475595587,Ituri,Mambasa,Okapi Wildlife Reserve,88.49,0,0,Hansen GFC / GFW / MODIS / VIIRS / GEDI / Sentinel-2,Parametric Change Detection & Spatial Clustering,0.94,2026-06-09,L-2027-008,2027,88.49,High,1.85,Primary Tropical Forest,True,4
2027,1.9814557895374199,29.432550034321785,Ituri,Mambasa,Okapi Wildlife Reserve,85.9,0,0,Hansen GFC / GFW / MODIS / VIIRS / GEDI / Sentinel-2,Parametric Change Detection & Spatial Clustering,0.96,2026-06-09,L-2027-009,2027,85.9,High,6.88,Primary Tropical Forest,True,4
2027,1.624853007757497,27.66747707286497,Ituri,Epulu,Okapi Wildlife Reserve,86.36,0,0,Hansen GFC / GFW / MODIS / VIIRS / GEDI / Sentinel-2,Parametric Change Detection & Spatial Clustering,0.97,2026-06-09,L-2027-010,2027,86.36,High,9.26,Primary Tropical Forest,True,4
2027,1.4182374074746291,27.654466565597055,Ituri,Wamba,Okapi Wildlife Reserve,103.52,0,0,Hansen GFC / GFW / MODIS / VIIRS / GEDI / Sentinel-2,Parametric Change Detection & Spatial Clustering,0.88,2026-06-09,L-2027-011,2027,103.52,High,3.0,Primary Tropical Forest,True,4
2028,2.20207662509943,29.495572230255277,Ituri,Mambasa,Okapi Wildlife Reserve,90.38,0,0,Hansen GFC / GFW / MODIS / VIIRS / GEDI / Sentinel-2,Parametric Change Detection & Spatial Clustering,0.91,2026-06-09,L-2028-000,2028,90.38,High,2.9,Primary Tropical Forest,True,1
2028,2.063821996956457,28.580698753571664,Ituri,Wamba,Okapi Wildlife Reserve,80.15,0,0,Hansen GFC / GFW / MODIS / VIIRS / GEDI / Sentinel-2,Parametric Change Detection & Spatial Clustering,0.85,2026-06-09,L-2028-001,2028,80.15,Low,2.44,Primary Tropical Forest,True,4
2028,1.819759492124282,29.387041058875393,Ituri,Epulu,Okapi Wildlife Reserve,87.06,0,0,Hansen GFC / GFW / MODIS / VIIRS / GEDI / Sentinel-2,Parametric Change Detection & Spatial Clustering,0.95,2026-06-09,L-2028-002,2028,87.06,Medium,9.8,Primary Tropical Forest,True,3
2028,2.263749559573383,29.4663504577814,Ituri,Mambasa,Okapi Wildlife Reserve,81.91,0,0,Hansen GFC / GFW / MODIS / VIIRS / GEDI / Sentinel-2,Parametric Change Detection & Spatial Clustering,0.93,2026-06-09,L-2028-003,2028,81.91,High,1.76,Primary Tropical Forest,True,1
2028,1.8221336500880017,28.209749296389692,Ituri,Mambasa,Okapi Wildlife Reserve,82.0,0,0,Hansen GFC / GFW / MODIS / VIIRS / GEDI / Sentinel-2,Parametric Change Detection & Spatial Clustering,0.98,2026-06-09,L-2028-004,2028,82.0,Low,4.31,Primary Tropical Forest,True,5
2029,1.4042064585966787,29.559754198793264,Ituri,Epulu,Okapi Wildlife Reserve,104.75,0,0,Hansen GFC / GFW / MODIS / VIIRS / GEDI / Sentinel-2,Parametric Change Detection & Spatial Clustering,0.93,2026-06-09,L-2029-000,2029,104.75,Low,6.57,Primary Tropical Forest,True,1
2029,1.6084932100507168,28.770700680487582,Ituri,Epulu,Okapi Wildlife Reserve,84.23,0,0,Hansen GFC / GFW / MODIS / VIIRS / GEDI / Sentinel-2,Parametric Change Detection & Spatial Clustering,0.9,2026-06-09,L-2029-001,2029,84.23,High,4.0,Primary Tropical Forest,True,4
2029,2.109680530047663,28.982338483978037,Ituri,Wamba,Okapi Wildlife Reserve,84.87,0,0,Hansen GFC / GFW / MODIS / VIIRS / GEDI / Sentinel-2,Parametric Change Detection & Spatial Clustering,0.87,2026-06-09,L-2029-002,2029,84.87,High,4.3,Primary Tropical Forest,True,4
2029,2.0985345944153977,27.886755576495133,Ituri,Epulu,Okapi Wildlife Reserve,84.53,0,0,Hansen GFC / GFW / MODIS / VIIRS / GEDI / Sentinel-2,Parametric Change Detection & Spatial Clustering,0.92,2026-06-09,L-2029-003,2029,84.53,Medium,7.65,Primary Tropical Forest,True,5
2029,1.2916940699107349,29.622848628542073,Ituri,Mambasa,Okapi Wildlife Reserve,90.57,0,0,Hansen GFC / GFW / MODIS / VIIRS / GEDI / Sentinel-2,Parametric Change Detection & Spatial Clustering,0.88,2026-06-09,L-2029-004,2029,90.57,Medium,5.17,Primary Tropical Forest,True,5
2029,1.5646156221788456,29.255626550948683,Ituri,Wamba,Okapi Wildlife Reserve,90.69,0,0,Hansen GFC / GFW / MODIS / VIIRS / GEDI / Sentinel-2,Parametric Change Detection & Spatial Clustering,0.94,2026-06-09,L-2029-005,2029,90.69,Low,0.16,Primary Tropical Forest,True,4
2029,1.8686888618946944,28.079955968979064,Ituri,Mambasa,Okapi Wildlife Reserve,105.93,0,0,Hansen GFC / GFW / MODIS / VIIRS / GEDI / Sentinel-2,Parametric Change Detection & Spatial Clustering,0.87,2026-06-09,L-2029-006,2029,105.93,High,7.31,Primary Tropical Forest,True,5
2029,1.1391292120856626,29.166364422088932,Ituri,Epulu,Okapi Wildlife Reserve,106.52,0,0,Hansen GFC / GFW / MODIS / VIIRS / GEDI / Sentinel-2,Parametric Change Detection & Spatial Clustering,0.94,2026-06-09,L-2029-007,2029,106.52,Low,9.21,Primary Tropical Forest,True,5
2029,1.542677449375481,29.658828336465838,Ituri,Epulu,Okapi Wildlife Reserve,104.75,0,0,Hansen GFC / GFW / MODIS / VIIRS / GEDI / Sentinel-2,Parametric Change Detection & Spatial Clustering,0.9,2026-06-09,L-2029-008,2029,104.75,Medium,3.22,Primary Tropical Forest,True,2
2029,1.9891553866981886,29.53771494454395,Ituri,Mambasa,Okapi Wildlife Reserve,80.97,0,0,Hansen GFC / GFW / MODIS / VIIRS / GEDI / Sentinel-2,Parametric Change Detection & Spatial Clustering,0.94,2026-06-09,L-2029-009,2029,80.97,Low,6.53,Primary Tropical Forest,True,1
2029,2.3648105044520995,29.28519101784166,Ituri,Mambasa,Okapi Wildlife Reserve,105.59,0,0,Hansen GFC / GFW / MODIS / VIIRS / GEDI / Sentinel-2,Parametric Change Detection & Spatial Clustering,0.91,2026-06-09,L-2029-010,2029,105.59,Medium,6.53,Primary Tropical Forest,True,4
2030,1.3929539078314699,28.02615251503556,Ituri,Wamba,Okapi Wildlife Reserve,109.82,0,0,Hansen GFC / GFW / MODIS / VIIRS / GEDI / Sentinel-2,Parametric Change Detection & Spatial Clustering,0.88,2026-06-09,L-2030-000,2030,109.82,Medium,9.31,Primary Tropical Forest,True,5
2030,1.846645134942688,28.17225076145289,Ituri,Epulu,Okapi Wildlife Reserve,89.08,0,0,Hansen GFC / GFW / MODIS / VIIRS / GEDI / Sentinel-2,Parametric Change Detection & Spatial Clustering,0.87,2026-06-09,L-2030-001,2030,89.08,High,1.73,Primary Tropical Forest,True,3
2030,1.826066160240786,28.606844932658213,Ituri,Wamba,Okapi Wildlife Reserve,87.72,0,0,Hansen GFC / GFW / MODIS / VIIRS / GEDI / Sentinel-2,Parametric Change Detection & Spatial Clustering,0.96,2026-06-09,L-2030-002,2030,87.72,High,8.8,Primary Tropical Forest,True,3
2030,2.1336469061951346,28.372868666217105,Ituri,Epulu,Okapi Wildlife Reserve,92.94,0,0,Hansen GFC / GFW / MODIS / VIIRS / GEDI / Sentinel-2,Parametric Change Detection & Spatial Clustering,0.92,2026-06-09,L-2030-003,2030,92.94,High,3.47,Primary Tropical Forest,True,2
2030,2.3021513433680894,28.04643627156514,Ituri,Epulu,Okapi Wildlife Reserve,81.03,0,0,Hansen GFC / GFW / MODIS / VIIRS / GEDI / Sentinel-2,Parametric Change Detection & Spatial Clustering,0.91,2026-06-09,L-2030-004,2030,81.03,Medium,5.86,Primary Tropical Forest,True,4
2030,1.6217479265508352,29.0315287235622,Ituri,Mambasa,Okapi Wildlife Reserve,84.87,0,0,Hansen GFC / GFW / MODIS / VIIRS / GEDI / Sentinel-2,Parametric Change Detection & Spatial Clustering,0.87,2026-06-09,L-2030-005,2030,84.87,High,8.84,Primary Tropical Forest,True,5
2030,1.8531911311001021,29.63889228927556,Ituri,Epulu,Okapi Wildlife Reserve,98.18,0,0,Hansen GFC / GFW / MODIS / VIIRS / GEDI / Sentinel-2,Parametric Change Detection & Spatial Clustering,0.88,2026-06-09,L-2030-006,2030,98.18,Low,8.34,Primary Tropical Forest,True,2
