year,latitude,longitude,province,territory,zone_name,area_ha,area_km2,percent_change,source_dataset,analysis_method,confidence_level,date_processed,from_class,to_class,change_area_ha
2000,1.6969258654985648,28.52734275588885,Ituri,Wamba,Okapi Wildlife Reserve,0,0,0,Hansen GFC / GFW / MODIS / VIIRS / GEDI / Sentinel-2,Parametric Change Detection & Spatial Clustering,0.94,2026-06-09,Primary Forest,Agriculture,180.37453204586313
2001,1.6846249731048129,28.597526225578168,Ituri,Wamba,Okapi Wildlife Reserve,0,0,0,Hansen GFC / GFW / MODIS / VIIRS / GEDI / Sentinel-2,Parametric Change Detection & Spatial Clustering,0.85,2026-06-09,Primary Forest,Agriculture,213.0297974252574
2002,1.597871916807793,28.589102942874348,Ituri,Epulu,Okapi Wildlife Reserve,0,0,0,Hansen GFC / GFW / MODIS / VIIRS / GEDI / Sentinel-2,Parametric Change Detection & Spatial Clustering,0.92,2026-06-09,Primary Forest,Agriculture,231.32735424431885
2003,1.727011188625244,28.55473793709789,Ituri,Mambasa,Okapi Wildlife Reserve,0,0,0,Hansen GFC / GFW / MODIS / VIIRS / GEDI / Sentinel-2,Parametric Change Detection & Spatial Clustering,0.95,2026-06-09,Primary Forest,Agriculture,214.06643738760366
2004,1.615248699269174,28.614996750665572,Ituri,Mambasa,Okapi Wildlife Reserve,0,0,0,Hansen GFC / GFW / MODIS / VIIRS / GEDI / Sentinel-2,Parametric Change Detection & Spatial Clustering,0.94,2026-06-09,Primary Forest,Agriculture,102.2141626633597
2005,1.7126075554093503,28.53693753121529,Ituri,Wamba,Okapi Wildlife Reserve,0,0,0,Hansen GFC / GFW / MODIS / VIIRS / GEDI / Sentinel-2,Parametric Change Detection & Spatial Clustering,0.9,2026-06-09,Primary Forest,Agriculture,186.7958727212327
2006,1.587026563206179,28.543219405771442,Ituri,Epulu,Okapi Wildlife Reserve,0,0,0,Hansen GFC / GFW / MODIS / VIIRS / GEDI / Sentinel-2,Parametric Change Detection & Spatial Clustering,0.89,2026-06-09,Primary Forest,Agriculture,184.4361749673145
2007,1.6779252371665558,28.643793226160813,Ituri,Epulu,Okapi Wildlife Reserve,0,0,0,Hansen GFC / GFW / MODIS / VIIRS / GEDI / Sentinel-2,Parametric Change Detection & Spatial Clustering,0.96,2026-06-09,Primary Forest,Agriculture,185.20889128750662
2008,1.5418672519372938,28.55423712621543,Ituri,Wamba,Okapi Wildlife Reserve,0,0,0,Hansen GFC / GFW / MODIS / VIIRS / GEDI / Sentinel-2,Parametric Change Detection & Spatial Clustering,0.93,2026-06-09,Primary Forest,Agriculture,54.51559506629853
2009,1.5715314616679092,28.55120500532942,Ituri,Wamba,Okapi Wildlife Reserve,0,0,0,Hansen GFC / GFW / MODIS / VIIRS / GEDI / Sentinel-2,Parametric Change Detection & Spatial Clustering,0.88,2026-06-09,Primary Forest,Agriculture,202.21073493009033
2010,1.7153094267143127,28.495592856143922,Ituri,Mambasa,Okapi Wildlife Reserve,0,0,0,Hansen GFC / GFW / MODIS / VIIRS / GEDI / Sentinel-2,Parametric Change Detection & Spatial Clustering,0.97,2026-06-09,Primary Forest,Agriculture,188.5527838227957
2011,1.6867865769698003,28.55128274190789,Ituri,Wamba,Okapi Wildlife Reserve,0,0,0,Hansen GFC / GFW / MODIS / VIIRS / GEDI / Sentinel-2,Parametric Change Detection & Spatial Clustering,0.88,2026-06-09,Primary Forest,Agriculture,86.17890032790564
2012,1.7132872365161609,28.543629256448014,Ituri,Mambasa,Okapi Wildlife Reserve,0,0,0,Hansen GFC / GFW / MODIS / VIIRS / GEDI / Sentinel-2,Parametric Change Detection & Spatial Clustering,0.92,2026-06-09,Primary Forest,Agriculture,290.49251905532526
2013,1.6786736260316026,28.494229648224582,Ituri,Mambasa,Okapi Wildlife Reserve,0,0,0,Hansen GFC / GFW / MODIS / VIIRS / GEDI / Sentinel-2,Parametric Change Detection & Spatial Clustering,0.91,2026-06-09,Primary Forest,Agriculture,279.4165979918836
2014,1.6022767558592363,28.61013545756225,Ituri,Epulu,Okapi Wildlife Reserve,0,0,0,Hansen GFC / GFW / MODIS / VIIRS / GEDI / Sentinel-2,Parametric Change Detection & Spatial Clustering,0.93,2026-06-09,Primary Forest,Agriculture,163.44241864199563
2015,1.5634817501201987,28.682756349170234,Ituri,Epulu,Okapi Wildlife Reserve,0,0,0,Hansen GFC / GFW / MODIS / VIIRS / GEDI / Sentinel-2,Parametric Change Detection & Spatial Clustering,0.95,2026-06-09,Primary Forest,Agriculture,147.75349823935633
2016,1.5909408204655737,28.500618969088322,Ituri,Wamba,Okapi Wildlife Reserve,0,0,0,Hansen GFC / GFW / MODIS / VIIRS / GEDI / Sentinel-2,Parametric Change Detection & Spatial Clustering,0.95,2026-06-09,Primary Forest,Agriculture,160.0590688087837
2017,1.7111853058881712,28.55306076337584,Ituri,Wamba,Okapi Wildlife Reserve,0,0,0,Hansen GFC / GFW / MODIS / VIIRS / GEDI / Sentinel-2,Parametric Change Detection & Spatial Clustering,0.9,2026-06-09,Primary Forest,Agriculture,208.6478406118853
2018,1.5355780330764288,28.541019778798812,Ituri,Wamba,Okapi Wildlife Reserve,0,0,0,Hansen GFC / GFW / MODIS / VIIRS / GEDI / Sentinel-2,Parametric Change Detection & Spatial Clustering,0.95,2026-06-09,Primary Forest,Agriculture,268.0355349128343
2019,1.5476516570948489,28.537133177244794,Ituri,Epulu,Okapi Wildlife Reserve,0,0,0,Hansen GFC / GFW / MODIS / VIIRS / GEDI / Sentinel-2,Parametric Change Detection & Spatial Clustering,0.92,2026-06-09,Primary Forest,Agriculture,287.58653899928834
2020,1.7191330946286996,28.638566035255565,Ituri,Wamba,Okapi Wildlife Reserve,0,0,0,Hansen GFC / GFW / MODIS / VIIRS / GEDI / Sentinel-2,Parametric Change Detection & Spatial Clustering,0.87,2026-06-09,Primary Forest,Agriculture,68.68336199791875
2021,1.6513206501903521,28.662134464760367,Ituri,Mambasa,Okapi Wildlife Reserve,0,0,0,Hansen GFC / GFW / MODIS / VIIRS / GEDI / Sentinel-2,Parametric Change Detection & Spatial Clustering,0.93,2026-06-09,Primary Forest,Agriculture,170.0757256596581
2022,1.5594545994711433,28.49041669441691,Ituri,Wamba,Okapi Wildlife Reserve,0,0,0,Hansen GFC / GFW / MODIS / VIIRS / GEDI / Sentinel-2,Parametric Change Detection & Spatial Clustering,0.93,2026-06-09,Primary Forest,Agriculture,126.94206515376665
2023,1.623516902320442,28.60855934605427,Ituri,Epulu,Okapi Wildlife Reserve,0,0,0,Hansen GFC / GFW / MODIS / VIIRS / GEDI / Sentinel-2,Parametric Change Detection & Spatial Clustering,0.94,2026-06-09,Primary Forest,Agriculture,185.1481665221301
2024,1.6256374122844348,28.63556399604355,Ituri,Mambasa,Okapi Wildlife Reserve,0,0,0,Hansen GFC / GFW / MODIS / VIIRS / GEDI / Sentinel-2,Parametric Change Detection & Spatial Clustering,0.89,2026-06-09,Primary Forest,Agriculture,276.68298916492824
2025,1.5926563213845362,28.489793679998726,Ituri,Wamba,Okapi Wildlife Reserve,0,0,0,Hansen GFC / GFW / MODIS / VIIRS / GEDI / Sentinel-2,Parametric Change Detection & Spatial Clustering,0.96,2026-06-09,Primary Forest,Agriculture,198.50852580332543
2026,1.6862531426387333,28.628287849118525,Ituri,Epulu,Okapi Wildlife Reserve,0,0,0,Hansen GFC / GFW / MODIS / VIIRS / GEDI / Sentinel-2,Parametric Change Detection & Spatial Clustering,0.87,2026-06-09,Primary Forest,Agriculture,159.68130975690931
2027,1.67661906963098,28.484518861010304,Ituri,Wamba,Okapi Wildlife Reserve,0,0,0,Hansen GFC / GFW / MODIS / VIIRS / GEDI / Sentinel-2,Parametric Change Detection & Spatial Clustering,0.91,2026-06-09,Primary Forest,Agriculture,91.33035487960332
2028,1.626946841040609,28.645083636268414,Ituri,Mambasa,Okapi Wildlife Reserve,0,0,0,Hansen GFC / GFW / MODIS / VIIRS / GEDI / Sentinel-2,Parametric Change Detection & Spatial Clustering,0.89,2026-06-09,Primary Forest,Agriculture,271.88532623239985
2029,1.6941503370724285,28.534071337945036,Ituri,Wamba,Okapi Wildlife Reserve,0,0,0,Hansen GFC / GFW / MODIS / VIIRS / GEDI / Sentinel-2,Parametric Change Detection & Spatial Clustering,0.92,2026-06-09,Primary Forest,Agriculture,276.78407006670784
2030,1.641949523988729,28.62989961729907,Ituri,Mambasa,Okapi Wildlife Reserve,0,0,0,Hansen GFC / GFW / MODIS / VIIRS / GEDI / Sentinel-2,Parametric Change Detection & Spatial Clustering,0.98,2026-06-09,Primary Forest,Agriculture,279.24674825660173
