year,latitude,longitude,province,territory,zone_name,area_ha,area_km2,percent_change,source_dataset,analysis_method,confidence_level,date_processed,road_id,active_status
2000,1.5649652677430599,28.650219502571318,Ituri,Mambasa,Okapi Wildlife Reserve,0,0,0,Hansen GFC / GFW / MODIS / VIIRS / GEDI / Sentinel-2,Parametric Change Detection & Spatial Clustering,0.92,2026-05-15,R-2000,Active
2001,1.5674650003517403,28.58354441691998,Ituri,Mambasa,Okapi Wildlife Reserve,0,0,0,Hansen GFC / GFW / MODIS / VIIRS / GEDI / Sentinel-2,Parametric Change Detection & Spatial Clustering,0.86,2026-05-15,R-2001,Active
2002,1.666714861996584,28.496189579643914,Ituri,Wamba,Okapi Wildlife Reserve,0,0,0,Hansen GFC / GFW / MODIS / VIIRS / GEDI / Sentinel-2,Parametric Change Detection & Spatial Clustering,0.91,2026-05-15,R-2002,Active
2003,1.6369805339303123,28.6197677564456,Ituri,Epulu,Okapi Wildlife Reserve,0,0,0,Hansen GFC / GFW / MODIS / VIIRS / GEDI / Sentinel-2,Parametric Change Detection & Spatial Clustering,0.86,2026-05-15,R-2003,Active
2004,1.5695967210716186,28.50563227232392,Ituri,Wamba,Okapi Wildlife Reserve,0,0,0,Hansen GFC / GFW / MODIS / VIIRS / GEDI / Sentinel-2,Parametric Change Detection & Spatial Clustering,0.94,2026-05-15,R-2004,Active
2005,1.719247991390773,28.604511623474455,Ituri,Wamba,Okapi Wildlife Reserve,0,0,0,Hansen GFC / GFW / MODIS / VIIRS / GEDI / Sentinel-2,Parametric Change Detection & Spatial Clustering,0.87,2026-05-15,R-2005,Active
2006,1.6358143705433272,28.607462204735782,Ituri,Mambasa,Okapi Wildlife Reserve,0,0,0,Hansen GFC / GFW / MODIS / VIIRS / GEDI / Sentinel-2,Parametric Change Detection & Spatial Clustering,0.85,2026-05-15,R-2006,Active
2007,1.7230201701495036,28.628097146588726,Ituri,Wamba,Okapi Wildlife Reserve,0,0,0,Hansen GFC / GFW / MODIS / VIIRS / GEDI / Sentinel-2,Parametric Change Detection & Spatial Clustering,0.86,2026-05-15,R-2007,Active
2008,1.572169240699368,28.50144833976709,Ituri,Wamba,Okapi Wildlife Reserve,0,0,0,Hansen GFC / GFW / MODIS / VIIRS / GEDI / Sentinel-2,Parametric Change Detection & Spatial Clustering,0.89,2026-05-15,R-2008,Active
2009,1.5697474588740992,28.61667888552858,Ituri,Mambasa,Okapi Wildlife Reserve,0,0,0,Hansen GFC / GFW / MODIS / VIIRS / GEDI / Sentinel-2,Parametric Change Detection & Spatial Clustering,0.85,2026-05-15,R-2009,Active
2010,1.700933519435746,28.60900133825512,Ituri,Mambasa,Okapi Wildlife Reserve,0,0,0,Hansen GFC / GFW / MODIS / VIIRS / GEDI / Sentinel-2,Parametric Change Detection & Spatial Clustering,0.89,2026-05-15,R-2010,Active
2011,1.5454858600433767,28.58237259175011,Ituri,Mambasa,Okapi Wildlife Reserve,0,0,0,Hansen GFC / GFW / MODIS / VIIRS / GEDI / Sentinel-2,Parametric Change Detection & Spatial Clustering,0.91,2026-05-15,R-2011,Active
2012,1.5839406006780377,28.53338221828093,Ituri,Wamba,Okapi Wildlife Reserve,0,0,0,Hansen GFC / GFW / MODIS / VIIRS / GEDI / Sentinel-2,Parametric Change Detection & Spatial Clustering,0.89,2026-05-15,R-2012,Active
2013,1.5858582362444327,28.622077639480356,Ituri,Mambasa,Okapi Wildlife Reserve,0,0,0,Hansen GFC / GFW / MODIS / VIIRS / GEDI / Sentinel-2,Parametric Change Detection & Spatial Clustering,0.91,2026-05-15,R-2013,Active
2014,1.6307419692781873,28.50547046891093,Ituri,Mambasa,Okapi Wildlife Reserve,0,0,0,Hansen GFC / GFW / MODIS / VIIRS / GEDI / Sentinel-2,Parametric Change Detection & Spatial Clustering,0.87,2026-05-15,R-2014,Active
2015,1.7058681201720305,28.552521438963566,Ituri,Mambasa,Okapi Wildlife Reserve,0,0,0,Hansen GFC / GFW / MODIS / VIIRS / GEDI / Sentinel-2,Parametric Change Detection & Spatial Clustering,0.85,2026-05-15,R-2015,Active
2016,1.5549836757176143,28.64409496013529,Ituri,Wamba,Okapi Wildlife Reserve,0,0,0,Hansen GFC / GFW / MODIS / VIIRS / GEDI / Sentinel-2,Parametric Change Detection & Spatial Clustering,0.94,2026-05-15,R-2016,Active
2017,1.6999180709552522,28.621739506580838,Ituri,Wamba,Okapi Wildlife Reserve,0,0,0,Hansen GFC / GFW / MODIS / VIIRS / GEDI / Sentinel-2,Parametric Change Detection & Spatial Clustering,0.88,2026-05-15,R-2017,Active
2018,1.6319245583650483,28.682342479297173,Ituri,Wamba,Okapi Wildlife Reserve,0,0,0,Hansen GFC / GFW / MODIS / VIIRS / GEDI / Sentinel-2,Parametric Change Detection & Spatial Clustering,0.92,2026-05-15,R-2018,Active
2019,1.693070253052917,28.660867016302042,Ituri,Wamba,Okapi Wildlife Reserve,0,0,0,Hansen GFC / GFW / MODIS / VIIRS / GEDI / Sentinel-2,Parametric Change Detection & Spatial Clustering,0.88,2026-05-15,R-2019,Active
2020,1.5720939722562224,28.635940686666352,Ituri,Wamba,Okapi Wildlife Reserve,0,0,0,Hansen GFC / GFW / MODIS / VIIRS / GEDI / Sentinel-2,Parametric Change Detection & Spatial Clustering,0.88,2026-05-15,R-2020,Active
2021,1.6180882367293616,28.5704647337146,Ituri,Epulu,Okapi Wildlife Reserve,0,0,0,Hansen GFC / GFW / MODIS / VIIRS / GEDI / Sentinel-2,Parametric Change Detection & Spatial Clustering,0.95,2026-05-15,R-2021,Active
2022,1.6095587768803614,28.563662775419576,Ituri,Mambasa,Okapi Wildlife Reserve,0,0,0,Hansen GFC / GFW / MODIS / VIIRS / GEDI / Sentinel-2,Parametric Change Detection & Spatial Clustering,0.95,2026-05-15,R-2022,Active
2023,1.6521625709941907,28.48513293075926,Ituri,Epulu,Okapi Wildlife Reserve,0,0,0,Hansen GFC / GFW / MODIS / VIIRS / GEDI / Sentinel-2,Parametric Change Detection & Spatial Clustering,0.96,2026-05-15,R-2023,Active
2024,1.6978337748327847,28.518763576934525,Ituri,Epulu,Okapi Wildlife Reserve,0,0,0,Hansen GFC / GFW / MODIS / VIIRS / GEDI / Sentinel-2,Parametric Change Detection & Spatial Clustering,0.95,2026-05-15,R-2024,Active
2025,1.545404359316491,28.537353015352252,Ituri,Mambasa,Okapi Wildlife Reserve,0,0,0,Hansen GFC / GFW / MODIS / VIIRS / GEDI / Sentinel-2,Parametric Change Detection & Spatial Clustering,0.91,2026-05-15,R-2025,Active
2026,1.5990669691032369,28.497334898759156,Ituri,Epulu,Okapi Wildlife Reserve,0,0,0,Hansen GFC / GFW / MODIS / VIIRS / GEDI / Sentinel-2,Parametric Change Detection & Spatial Clustering,0.91,2026-05-15,R-2026,Active
