mining_site_id,concession_id,mining_type,mineral_type,operator_name,artisanal_or_industrial,year,mining_area_ha,forest_loss_due_to_mining_ha,burned_area_related_ha,carbon_loss_tons,habitat_loss_ha,biodiversity_risk_level,proximity_to_river_km,proximity_to_road_km,inside_protected_area,source_dataset,source_provider,source_url,retrieval_date,processing_method,confidence_level,date_processed,latitude,longitude
SITE-2000-000,CAMI-9263,PR (Exploration),Gold,Alphamin Bisie Mining,Artisanal,2000,14.55,12.51,1.46,3127.31,13.76,Critical,3.95,0.67,False,IPIS Artisanal Mining Site Database,IPIS Research,https://ipisresearch.be/mapping/webmapping/drcongo/,2026-05-15,Spatial Overlay & Risk Modeling (GEE + GeoPandas),0.97,2026-05-15,1.5425777730129426,27.712860380189497
SITE-2000-001,CAMI-7443,ZEA (Artisanal Zone),Copper,Alphamin Bisie Mining,Artisanal,2000,6.64,4.89,0.66,1221.3,5.37,Critical,0.25,17.47,True,IPIS Artisanal Mining Site Database,IPIS Research,https://ipisresearch.be/mapping/webmapping/drcongo/,2026-05-15,Spatial Overlay & Risk Modeling (GEE + GeoPandas),0.91,2026-05-15,1.7681650538800753,29.32635519847639
CONC-2000-002,CAMI-4868,PR (Exploration),Tin,Banro Corporation,Industrial,2000,8.74,7.98,0.87,1995.75,8.78,Medium,4.96,9.74,True,CAMI Mining Title Database,Cadastre Minier RDC (CAMI),http://www.cami.cd/,2026-05-15,Spatial Overlay & Risk Modeling (GEE + GeoPandas),0.93,2026-05-15,2.1207768509311706,28.672069403054607
SITE-2000-003,CAMI-9002,PE (Exploitation),Gold,Kibali Goldmines,Artisanal,2000,13.58,10.41,1.36,2602.04,11.45,Critical,3.41,6.2,True,IPIS Artisanal Mining Site Database,IPIS Research,https://ipisresearch.be/mapping/webmapping/drcongo/,2026-05-15,Spatial Overlay & Risk Modeling (GEE + GeoPandas),0.87,2026-05-15,2.266193125994185,28.409454224633368
CONC-2001-000,CAMI-5784,PR (Exploration),Tantalum,Kibali Goldmines,Industrial,2001,14.73,13.8,1.47,3450.04,15.18,High,0.7,13.37,False,CAMI Mining Title Database,Cadastre Minier RDC (CAMI),http://www.cami.cd/,2026-05-15,Spatial Overlay & Risk Modeling (GEE + GeoPandas),0.92,2026-05-15,2.285465803337474,29.478152202422034
SITE-2001-001,CAMI-4602,PR (Exploration),Tungsten,Banro Corporation,Artisanal,2001,10.76,10.21,1.08,2552.43,11.23,Critical,4.34,7.47,True,IPIS Artisanal Mining Site Database,IPIS Research,https://ipisresearch.be/mapping/webmapping/drcongo/,2026-05-15,Spatial Overlay & Risk Modeling (GEE + GeoPandas),0.91,2026-05-15,1.8579467890238097,28.742250329232537
CONC-2001-002,CAMI-4181,PE (Exploitation),Gold,Independent Miners,Industrial,2001,15.42,12.94,1.54,3234.2,14.23,High,3.42,17.77,False,CAMI Mining Title Database,Cadastre Minier RDC (CAMI),http://www.cami.cd/,2026-05-15,Spatial Overlay & Risk Modeling (GEE + GeoPandas),0.92,2026-05-15,1.1184136752862088,29.261182882028525
SITE-2001-003,CAMI-3629,PE (Exploitation),Tantalum,Kibali Goldmines,Artisanal,2001,9.95,9.4,1.0,2349.93,10.34,Critical,0.3,14.42,True,IPIS Artisanal Mining Site Database,IPIS Research,https://ipisresearch.be/mapping/webmapping/drcongo/,2026-05-15,Spatial Overlay & Risk Modeling (GEE + GeoPandas),0.95,2026-05-15,2.127767455964258,29.065804491411257
SITE-2002-000,CAMI-9709,PE (Exploitation),Tin,Independent Miners,Artisanal,2002,8.0,5.9,0.8,1474.11,6.49,Critical,3.76,14.47,False,IPIS Artisanal Mining Site Database,IPIS Research,https://ipisresearch.be/mapping/webmapping/drcongo/,2026-05-15,Spatial Overlay & Risk Modeling (GEE + GeoPandas),0.89,2026-05-15,1.3701316597423248,28.525761032645423
SITE-2002-001,CAMI-5191,PR (Exploration),Copper,Independent Miners,Artisanal,2002,17.14,12.13,1.71,3031.26,13.34,Medium,2.03,8.92,True,IPIS Artisanal Mining Site Database,IPIS Research,https://ipisresearch.be/mapping/webmapping/drcongo/,2026-05-15,Spatial Overlay & Risk Modeling (GEE + GeoPandas),0.9,2026-05-15,1.4677307849508716,28.77676538883557
CONC-2002-002,CAMI-2323,PE (Exploitation),Tungsten,Kibali Goldmines,Industrial,2002,14.82,10.42,1.48,2605.82,11.47,Medium,3.72,14.51,True,CAMI Mining Title Database,Cadastre Minier RDC (CAMI),http://www.cami.cd/,2026-05-15,Spatial Overlay & Risk Modeling (GEE + GeoPandas),0.85,2026-05-15,1.7857037873606463,29.426231291634252
CONC-2002-003,CAMI-2048,ZEA (Artisanal Zone),Tin,Independent Miners,Industrial,2002,7.41,5.2,0.74,1300.41,5.72,Critical,4.27,17.57,False,CAMI Mining Title Database,Cadastre Minier RDC (CAMI),http://www.cami.cd/,2026-05-15,Spatial Overlay & Risk Modeling (GEE + GeoPandas),0.91,2026-05-15,2.141757963144416,29.426728328097862
SITE-2002-004,CAMI-5569,PR (Exploration),Copper,Artisanal Cooperatives,Artisanal,2002,15.71,13.11,1.57,3277.16,14.42,High,4.32,7.38,True,IPIS Artisanal Mining Site Database,IPIS Research,https://ipisresearch.be/mapping/webmapping/drcongo/,2026-05-15,Spatial Overlay & Risk Modeling (GEE + GeoPandas),0.93,2026-05-15,1.4115571528831832,29.259692820077056
SITE-2003-000,CAMI-5660,PE (Exploitation),Gold,Banro Corporation,Artisanal,2003,9.76,9.23,0.98,2308.49,10.16,Critical,2.62,15.47,True,IPIS Artisanal Mining Site Database,IPIS Research,https://ipisresearch.be/mapping/webmapping/drcongo/,2026-05-15,Spatial Overlay & Risk Modeling (GEE + GeoPandas),0.95,2026-05-15,1.2914742358405702,28.707595940360342
CONC-2003-001,CAMI-1278,PE (Exploitation),Copper,Artisanal Cooperatives,Industrial,2003,12.09,8.79,1.21,2196.31,9.66,Medium,0.92,19.22,True,CAMI Mining Title Database,Cadastre Minier RDC (CAMI),http://www.cami.cd/,2026-05-15,Spatial Overlay & Risk Modeling (GEE + GeoPandas),0.85,2026-05-15,2.269760438801199,28.5098989282282
CONC-2003-002,CAMI-8142,PR (Exploration),Copper,Kibali Goldmines,Industrial,2003,11.21,9.67,1.12,2417.92,10.64,Medium,4.9,3.87,True,CAMI Mining Title Database,Cadastre Minier RDC (CAMI),http://www.cami.cd/,2026-05-15,Spatial Overlay & Risk Modeling (GEE + GeoPandas),0.89,2026-05-15,1.7140136928369993,29.059882515792438
SITE-2003-003,CAMI-2307,PR (Exploration),Diamond,Alphamin Bisie Mining,Artisanal,2003,18.17,13.84,1.82,3461.21,15.23,High,3.34,14.98,True,IPIS Artisanal Mining Site Database,IPIS Research,https://ipisresearch.be/mapping/webmapping/drcongo/,2026-05-15,Spatial Overlay & Risk Modeling (GEE + GeoPandas),0.95,2026-05-15,1.3708087412094019,28.83801408379173
CONC-2003-004,CAMI-9422,PR (Exploration),Gold,Alphamin Bisie Mining,Industrial,2003,15.97,13.76,1.6,3439.53,15.13,Critical,4.33,16.65,True,CAMI Mining Title Database,Cadastre Minier RDC (CAMI),http://www.cami.cd/,2026-05-15,Spatial Overlay & Risk Modeling (GEE + GeoPandas),0.91,2026-05-15,1.5919758174027825,28.990206627180783
CONC-2003-005,CAMI-1326,ZEA (Artisanal Zone),Tantalum,Banro Corporation,Industrial,2003,16.29,12.28,1.63,3069.84,13.51,High,3.74,5.36,True,CAMI Mining Title Database,Cadastre Minier RDC (CAMI),http://www.cami.cd/,2026-05-15,Spatial Overlay & Risk Modeling (GEE + GeoPandas),0.9,2026-05-15,1.74455953279428,29.420984075091972
SITE-2003-006,CAMI-6943,ZEA (Artisanal Zone),Gold,Kibali Goldmines,Artisanal,2003,16.42,13.82,1.64,3454.49,15.2,Medium,0.65,17.19,True,IPIS Artisanal Mining Site Database,IPIS Research,https://ipisresearch.be/mapping/webmapping/drcongo/,2026-05-15,Spatial Overlay & Risk Modeling (GEE + GeoPandas),0.93,2026-05-15,1.5820797837272136,28.681381404854154
CONC-2004-000,CAMI-7456,PR (Exploration),Diamond,Kibali Goldmines,Industrial,2004,14.61,13.87,1.46,3468.03,15.26,High,1.34,9.84,True,CAMI Mining Title Database,Cadastre Minier RDC (CAMI),http://www.cami.cd/,2026-05-15,Spatial Overlay & Risk Modeling (GEE + GeoPandas),0.87,2026-05-15,1.989774140328756,27.88911143973951
SITE-2004-001,CAMI-3897,PE (Exploitation),Diamond,Alphamin Bisie Mining,Artisanal,2004,15.56,11.49,1.56,2872.74,12.64,Medium,0.54,2.61,True,IPIS Artisanal Mining Site Database,IPIS Research,https://ipisresearch.be/mapping/webmapping/drcongo/,2026-05-15,Spatial Overlay & Risk Modeling (GEE + GeoPandas),0.87,2026-05-15,2.3200499643558357,29.760036249410998
SITE-2004-002,CAMI-8858,ZEA (Artisanal Zone),Diamond,Kibali Goldmines,Artisanal,2004,16.71,15.18,1.67,3793.78,16.69,High,2.77,5.55,True,IPIS Artisanal Mining Site Database,IPIS Research,https://ipisresearch.be/mapping/webmapping/drcongo/,2026-05-15,Spatial Overlay & Risk Modeling (GEE + GeoPandas),0.96,2026-05-15,1.4452608036825074,28.21743612236748
SITE-2005-000,CAMI-3527,PR (Exploration),Tin,Banro Corporation,Artisanal,2005,12.63,10.96,1.26,2739.6,12.05,Medium,4.09,17.28,True,IPIS Artisanal Mining Site Database,IPIS Research,https://ipisresearch.be/mapping/webmapping/drcongo/,2026-05-15,Spatial Overlay & Risk Modeling (GEE + GeoPandas),0.95,2026-05-15,1.4098553041070216,28.020964493727607
CONC-2005-001,CAMI-1351,PR (Exploration),Copper,Kibali Goldmines,Industrial,2005,9.22,8.59,0.92,2147.58,9.45,High,1.21,4.52,True,CAMI Mining Title Database,Cadastre Minier RDC (CAMI),http://www.cami.cd/,2026-05-15,Spatial Overlay & Risk Modeling (GEE + GeoPandas),0.97,2026-05-15,1.5145396315716408,29.297616528790567
SITE-2005-002,CAMI-4287,PR (Exploration),Tungsten,Banro Corporation,Artisanal,2005,12.6,11.08,1.26,2768.84,12.18,Critical,4.97,14.48,False,IPIS Artisanal Mining Site Database,IPIS Research,https://ipisresearch.be/mapping/webmapping/drcongo/,2026-05-15,Spatial Overlay & Risk Modeling (GEE + GeoPandas),0.85,2026-05-15,1.7220470779406862,27.86022823225291
CONC-2005-003,CAMI-8196,PE (Exploitation),Tungsten,Kibali Goldmines,Industrial,2005,15.37,13.25,1.54,3311.55,14.57,Critical,0.12,2.54,False,CAMI Mining Title Database,Cadastre Minier RDC (CAMI),http://www.cami.cd/,2026-05-15,Spatial Overlay & Risk Modeling (GEE + GeoPandas),0.96,2026-05-15,1.8609412138602903,28.316309491558123
SITE-2005-004,CAMI-1166,ZEA (Artisanal Zone),Tungsten,Banro Corporation,Artisanal,2005,16.98,13.33,1.7,3333.55,14.67,Medium,0.67,15.56,True,IPIS Artisanal Mining Site Database,IPIS Research,https://ipisresearch.be/mapping/webmapping/drcongo/,2026-05-15,Spatial Overlay & Risk Modeling (GEE + GeoPandas),0.94,2026-05-15,1.8053173518706185,29.453670116648315
CONC-2005-005,CAMI-7546,ZEA (Artisanal Zone),Gold,Alphamin Bisie Mining,Industrial,2005,9.82,7.51,0.98,1878.05,8.26,High,3.74,13.33,True,CAMI Mining Title Database,Cadastre Minier RDC (CAMI),http://www.cami.cd/,2026-05-15,Spatial Overlay & Risk Modeling (GEE + GeoPandas),0.88,2026-05-15,2.0433034636774394,29.40197155794146
CONC-2005-006,CAMI-2446,PR (Exploration),Tantalum,Artisanal Cooperatives,Industrial,2005,16.77,12.45,1.68,3112.83,13.7,Medium,2.32,15.02,False,CAMI Mining Title Database,Cadastre Minier RDC (CAMI),http://www.cami.cd/,2026-05-15,Spatial Overlay & Risk Modeling (GEE + GeoPandas),0.86,2026-05-15,1.488822104187285,28.700637835446646
SITE-2005-007,CAMI-2181,ZEA (Artisanal Zone),Copper,Banro Corporation,Artisanal,2005,19.66,17.15,1.97,4286.41,18.86,Medium,0.8,7.34,True,IPIS Artisanal Mining Site Database,IPIS Research,https://ipisresearch.be/mapping/webmapping/drcongo/,2026-05-15,Spatial Overlay & Risk Modeling (GEE + GeoPandas),0.86,2026-05-15,2.2242810278610445,29.544202368134787
CONC-2006-000,CAMI-5646,ZEA (Artisanal Zone),Copper,Banro Corporation,Industrial,2006,16.7,13.72,1.67,3429.0,15.09,High,2.01,13.24,False,CAMI Mining Title Database,Cadastre Minier RDC (CAMI),http://www.cami.cd/,2026-05-15,Spatial Overlay & Risk Modeling (GEE + GeoPandas),0.92,2026-05-15,2.3537729172050117,29.111967708969576
SITE-2006-001,CAMI-8163,ZEA (Artisanal Zone),Tantalum,Alphamin Bisie Mining,Artisanal,2006,19.81,17.11,1.98,4276.78,18.82,Critical,3.0,3.03,False,IPIS Artisanal Mining Site Database,IPIS Research,https://ipisresearch.be/mapping/webmapping/drcongo/,2026-05-15,Spatial Overlay & Risk Modeling (GEE + GeoPandas),0.87,2026-05-15,1.9168634644752451,29.381328606106152
SITE-2006-002,CAMI-4406,ZEA (Artisanal Zone),Tin,Independent Miners,Artisanal,2006,16.45,14.91,1.65,3726.97,16.4,High,2.88,16.2,True,IPIS Artisanal Mining Site Database,IPIS Research,https://ipisresearch.be/mapping/webmapping/drcongo/,2026-05-15,Spatial Overlay & Risk Modeling (GEE + GeoPandas),0.92,2026-05-15,2.306191886598941,27.992254815596315
CONC-2007-000,CAMI-1357,PE (Exploitation),Tantalum,Kibali Goldmines,Industrial,2007,11.72,8.33,1.17,2081.77,9.16,Medium,1.65,4.88,False,CAMI Mining Title Database,Cadastre Minier RDC (CAMI),http://www.cami.cd/,2026-05-15,Spatial Overlay & Risk Modeling (GEE + GeoPandas),0.91,2026-05-15,2.3814017499616025,27.736762971649743
CONC-2007-001,CAMI-7156,PR (Exploration),Gold,Banro Corporation,Industrial,2007,18.37,16.87,1.84,4217.75,18.56,Critical,4.35,14.86,True,CAMI Mining Title Database,Cadastre Minier RDC (CAMI),http://www.cami.cd/,2026-05-15,Spatial Overlay & Risk Modeling (GEE + GeoPandas),0.86,2026-05-15,1.5538569872822812,28.649930718890467
CONC-2007-002,CAMI-6646,PR (Exploration),Tin,Banro Corporation,Industrial,2007,12.99,12.24,1.3,3058.89,13.46,Critical,0.67,7.52,True,CAMI Mining Title Database,Cadastre Minier RDC (CAMI),http://www.cami.cd/,2026-05-15,Spatial Overlay & Risk Modeling (GEE + GeoPandas),0.94,2026-05-15,1.936650095351415,29.382153002825177
SITE-2007-003,CAMI-6975,PE (Exploitation),Gold,Alphamin Bisie Mining,Artisanal,2007,21.54,18.46,2.15,4615.29,20.31,Medium,3.07,16.02,True,IPIS Artisanal Mining Site Database,IPIS Research,https://ipisresearch.be/mapping/webmapping/drcongo/,2026-05-15,Spatial Overlay & Risk Modeling (GEE + GeoPandas),0.97,2026-05-15,1.712981121230587,29.544998005790216
CONC-2007-004,CAMI-3518,ZEA (Artisanal Zone),Diamond,Independent Miners,Industrial,2007,10.95,7.9,1.1,1975.8,8.69,High,1.24,8.98,False,CAMI Mining Title Database,Cadastre Minier RDC (CAMI),http://www.cami.cd/,2026-05-15,Spatial Overlay & Risk Modeling (GEE + GeoPandas),0.96,2026-05-15,2.2507365934580994,29.242230211831473
SITE-2007-005,CAMI-6320,PR (Exploration),Copper,Artisanal Cooperatives,Artisanal,2007,16.6,13.51,1.66,3378.29,14.86,High,2.69,14.96,True,IPIS Artisanal Mining Site Database,IPIS Research,https://ipisresearch.be/mapping/webmapping/drcongo/,2026-05-15,Spatial Overlay & Risk Modeling (GEE + GeoPandas),0.85,2026-05-15,2.217462412637307,28.36925372882644
CONC-2007-006,CAMI-6130,ZEA (Artisanal Zone),Tantalum,Alphamin Bisie Mining,Industrial,2007,16.25,11.98,1.63,2995.91,13.18,High,4.72,14.84,True,CAMI Mining Title Database,Cadastre Minier RDC (CAMI),http://www.cami.cd/,2026-05-15,Spatial Overlay & Risk Modeling (GEE + GeoPandas),0.94,2026-05-15,1.5301960756322293,28.355164697674223
SITE-2008-000,CAMI-2145,PR (Exploration),Tungsten,Banro Corporation,Artisanal,2008,17.07,12.43,1.71,3108.05,13.68,Critical,3.27,9.0,False,IPIS Artisanal Mining Site Database,IPIS Research,https://ipisresearch.be/mapping/webmapping/drcongo/,2026-05-15,Spatial Overlay & Risk Modeling (GEE + GeoPandas),0.87,2026-05-15,1.5141736538159276,27.94761897397063
SITE-2008-001,CAMI-5931,ZEA (Artisanal Zone),Tantalum,Banro Corporation,Artisanal,2008,25.4,20.44,2.54,5109.44,22.48,Medium,4.4,17.28,False,IPIS Artisanal Mining Site Database,IPIS Research,https://ipisresearch.be/mapping/webmapping/drcongo/,2026-05-15,Spatial Overlay & Risk Modeling (GEE + GeoPandas),0.97,2026-05-15,1.8648663274552062,28.720744208381173
CONC-2008-002,CAMI-8774,PE (Exploitation),Tantalum,Alphamin Bisie Mining,Industrial,2008,12.15,8.89,1.21,2223.68,9.78,High,1.23,17.66,True,CAMI Mining Title Database,Cadastre Minier RDC (CAMI),http://www.cami.cd/,2026-05-15,Spatial Overlay & Risk Modeling (GEE + GeoPandas),0.94,2026-05-15,1.726800505550738,29.110336117970483
SITE-2008-003,CAMI-9516,PR (Exploration),Tantalum,Banro Corporation,Artisanal,2008,20.2,16.44,2.02,4111.21,18.09,Medium,3.17,7.24,False,IPIS Artisanal Mining Site Database,IPIS Research,https://ipisresearch.be/mapping/webmapping/drcongo/,2026-05-15,Spatial Overlay & Risk Modeling (GEE + GeoPandas),0.92,2026-05-15,2.0252476978861416,28.647791612816516
SITE-2008-004,CAMI-8696,ZEA (Artisanal Zone),Diamond,Artisanal Cooperatives,Artisanal,2008,19.37,16.12,1.94,4031.23,17.74,Critical,0.55,5.46,True,IPIS Artisanal Mining Site Database,IPIS Research,https://ipisresearch.be/mapping/webmapping/drcongo/,2026-05-15,Spatial Overlay & Risk Modeling (GEE + GeoPandas),0.93,2026-05-15,1.6356182227914382,29.86412152936585
CONC-2008-005,CAMI-5061,PR (Exploration),Copper,Banro Corporation,Industrial,2008,12.55,10.1,1.25,2524.85,11.11,Medium,1.74,18.48,True,CAMI Mining Title Database,Cadastre Minier RDC (CAMI),http://www.cami.cd/,2026-05-15,Spatial Overlay & Risk Modeling (GEE + GeoPandas),0.86,2026-05-15,1.361496811535941,29.422283542839864
SITE-2009-000,CAMI-9100,ZEA (Artisanal Zone),Gold,Banro Corporation,Artisanal,2009,21.61,19.04,2.16,4760.6,20.95,Critical,2.62,2.37,True,IPIS Artisanal Mining Site Database,IPIS Research,https://ipisresearch.be/mapping/webmapping/drcongo/,2026-05-15,Spatial Overlay & Risk Modeling (GEE + GeoPandas),0.93,2026-05-15,2.174520788249094,28.547267431158108
CONC-2009-001,CAMI-4031,PR (Exploration),Gold,Artisanal Cooperatives,Industrial,2009,12.41,10.35,1.24,2588.47,11.39,High,4.13,15.27,True,CAMI Mining Title Database,Cadastre Minier RDC (CAMI),http://www.cami.cd/,2026-05-15,Spatial Overlay & Risk Modeling (GEE + GeoPandas),0.98,2026-05-15,2.249602274429556,28.660150956199303
CONC-2009-002,CAMI-7959,PR (Exploration),Gold,Alphamin Bisie Mining,Industrial,2009,18.18,14.22,1.82,3554.75,15.64,High,2.01,4.88,False,CAMI Mining Title Database,Cadastre Minier RDC (CAMI),http://www.cami.cd/,2026-05-15,Spatial Overlay & Risk Modeling (GEE + GeoPandas),0.92,2026-05-15,2.2747069763331185,28.878438588032438
SITE-2009-003,CAMI-4918,PE (Exploitation),Copper,Kibali Goldmines,Artisanal,2009,24.09,22.68,2.41,5670.54,24.95,High,2.19,17.21,True,IPIS Artisanal Mining Site Database,IPIS Research,https://ipisresearch.be/mapping/webmapping/drcongo/,2026-05-15,Spatial Overlay & Risk Modeling (GEE + GeoPandas),0.94,2026-05-15,2.2341915164712005,28.48885552422531
SITE-2010-000,CAMI-1198,ZEA (Artisanal Zone),Diamond,Artisanal Cooperatives,Artisanal,2010,28.54,25.97,2.85,6492.92,28.57,High,1.71,7.37,False,IPIS Artisanal Mining Site Database,IPIS Research,https://ipisresearch.be/mapping/webmapping/drcongo/,2026-05-15,Spatial Overlay & Risk Modeling (GEE + GeoPandas),0.87,2026-05-15,2.2116154552612044,29.460748750146216
CONC-2010-001,CAMI-7412,PR (Exploration),Copper,Independent Miners,Industrial,2010,16.31,12.51,1.63,3128.12,13.76,High,3.65,16.0,False,CAMI Mining Title Database,Cadastre Minier RDC (CAMI),http://www.cami.cd/,2026-05-15,Spatial Overlay & Risk Modeling (GEE + GeoPandas),0.92,2026-05-15,1.2663107352669618,27.663022579289574
SITE-2010-002,CAMI-5992,PE (Exploitation),Gold,Banro Corporation,Artisanal,2010,28.58,25.77,2.86,6443.06,28.35,Critical,1.95,9.09,True,IPIS Artisanal Mining Site Database,IPIS Research,https://ipisresearch.be/mapping/webmapping/drcongo/,2026-05-15,Spatial Overlay & Risk Modeling (GEE + GeoPandas),0.89,2026-05-15,1.304143615958861,28.166881580644723
SITE-2010-003,CAMI-7303,PR (Exploration),Tantalum,Independent Miners,Artisanal,2010,25.87,24.35,2.59,6086.67,26.78,High,4.17,1.74,False,IPIS Artisanal Mining Site Database,IPIS Research,https://ipisresearch.be/mapping/webmapping/drcongo/,2026-05-15,Spatial Overlay & Risk Modeling (GEE + GeoPandas),0.96,2026-05-15,1.6928583793437548,28.476169387711174
CONC-2010-004,CAMI-3748,ZEA (Artisanal Zone),Copper,Kibali Goldmines,Industrial,2010,12.44,8.75,1.24,2186.39,9.62,Medium,3.86,19.12,True,CAMI Mining Title Database,Cadastre Minier RDC (CAMI),http://www.cami.cd/,2026-05-15,Spatial Overlay & Risk Modeling (GEE + GeoPandas),0.86,2026-05-15,2.187633017081529,28.076590480827456
CONC-2010-005,CAMI-4899,PR (Exploration),Tungsten,Banro Corporation,Industrial,2010,13.6,11.23,1.36,2808.55,12.36,High,3.42,15.52,True,CAMI Mining Title Database,Cadastre Minier RDC (CAMI),http://www.cami.cd/,2026-05-15,Spatial Overlay & Risk Modeling (GEE + GeoPandas),0.86,2026-05-15,1.301446910286336,28.03623891982359
CONC-2010-006,CAMI-8818,PE (Exploitation),Diamond,Banro Corporation,Industrial,2010,14.31,10.54,1.43,2634.35,11.59,Medium,2.6,15.67,False,CAMI Mining Title Database,Cadastre Minier RDC (CAMI),http://www.cami.cd/,2026-05-15,Spatial Overlay & Risk Modeling (GEE + GeoPandas),0.96,2026-05-15,2.1734330710096113,28.547465287435205
CONC-2010-007,CAMI-5517,PR (Exploration),Copper,Artisanal Cooperatives,Industrial,2010,10.14,7.75,1.01,1936.25,8.52,Critical,3.77,19.65,True,CAMI Mining Title Database,Cadastre Minier RDC (CAMI),http://www.cami.cd/,2026-05-15,Spatial Overlay & Risk Modeling (GEE + GeoPandas),0.88,2026-05-15,1.9147622929967785,28.919576207504363
SITE-2011-000,CAMI-8102,ZEA (Artisanal Zone),Gold,Artisanal Cooperatives,Artisanal,2011,25.07,21.18,2.51,5295.39,23.3,Medium,0.98,18.03,True,IPIS Artisanal Mining Site Database,IPIS Research,https://ipisresearch.be/mapping/webmapping/drcongo/,2026-05-15,Spatial Overlay & Risk Modeling (GEE + GeoPandas),0.96,2026-05-15,2.265755830885202,29.135904363283366
CONC-2011-001,CAMI-8746,PE (Exploitation),Gold,Artisanal Cooperatives,Industrial,2011,13.18,10.49,1.32,2623.07,11.54,Medium,0.87,10.98,True,CAMI Mining Title Database,Cadastre Minier RDC (CAMI),http://www.cami.cd/,2026-05-15,Spatial Overlay & Risk Modeling (GEE + GeoPandas),0.85,2026-05-15,1.8205796627000865,29.631298636925088
SITE-2011-002,CAMI-9334,PE (Exploitation),Tantalum,Artisanal Cooperatives,Artisanal,2011,25.54,21.78,2.55,5445.69,23.96,Critical,1.21,2.32,True,IPIS Artisanal Mining Site Database,IPIS Research,https://ipisresearch.be/mapping/webmapping/drcongo/,2026-05-15,Spatial Overlay & Risk Modeling (GEE + GeoPandas),0.98,2026-05-15,1.8745190189393905,29.615528965735148
SITE-2011-003,CAMI-4310,PR (Exploration),Tin,Banro Corporation,Artisanal,2011,22.75,20.32,2.28,5079.46,22.35,Critical,2.3,9.43,True,IPIS Artisanal Mining Site Database,IPIS Research,https://ipisresearch.be/mapping/webmapping/drcongo/,2026-05-15,Spatial Overlay & Risk Modeling (GEE + GeoPandas),0.96,2026-05-15,1.3764030538249925,29.043068703935944
SITE-2011-004,CAMI-3449,PR (Exploration),Tantalum,Kibali Goldmines,Artisanal,2011,23.88,22.11,2.39,5528.56,24.33,High,4.35,8.74,False,IPIS Artisanal Mining Site Database,IPIS Research,https://ipisresearch.be/mapping/webmapping/drcongo/,2026-05-15,Spatial Overlay & Risk Modeling (GEE + GeoPandas),0.88,2026-05-15,2.1628365738691597,29.74790702317022
CONC-2011-005,CAMI-8098,PR (Exploration),Copper,Alphamin Bisie Mining,Industrial,2011,16.71,13.91,1.67,3478.16,15.3,High,2.57,15.01,True,CAMI Mining Title Database,Cadastre Minier RDC (CAMI),http://www.cami.cd/,2026-05-15,Spatial Overlay & Risk Modeling (GEE + GeoPandas),0.97,2026-05-15,1.5490900084546317,27.733310758836698
SITE-2011-006,CAMI-4034,PE (Exploitation),Gold,Artisanal Cooperatives,Artisanal,2011,27.4,22.7,2.74,5674.14,24.97,Critical,0.3,10.48,False,IPIS Artisanal Mining Site Database,IPIS Research,https://ipisresearch.be/mapping/webmapping/drcongo/,2026-05-15,Spatial Overlay & Risk Modeling (GEE + GeoPandas),0.87,2026-05-15,2.0125792611074274,27.90165900673254
CONC-2011-007,CAMI-5351,ZEA (Artisanal Zone),Tungsten,Alphamin Bisie Mining,Industrial,2011,20.17,17.22,2.02,4305.29,18.94,Medium,0.58,4.41,True,CAMI Mining Title Database,Cadastre Minier RDC (CAMI),http://www.cami.cd/,2026-05-15,Spatial Overlay & Risk Modeling (GEE + GeoPandas),0.89,2026-05-15,1.417425135749908,29.85816910962028
SITE-2012-000,CAMI-7341,PE (Exploitation),Copper,Alphamin Bisie Mining,Artisanal,2012,23.91,19.22,2.39,4805.09,21.14,High,0.48,2.89,False,IPIS Artisanal Mining Site Database,IPIS Research,https://ipisresearch.be/mapping/webmapping/drcongo/,2026-05-15,Spatial Overlay & Risk Modeling (GEE + GeoPandas),0.96,2026-05-15,1.6384717433485627,29.496372639226585
SITE-2012-001,CAMI-2559,PE (Exploitation),Diamond,Kibali Goldmines,Artisanal,2012,23.11,20.27,2.31,5068.04,22.3,Critical,2.55,16.54,True,IPIS Artisanal Mining Site Database,IPIS Research,https://ipisresearch.be/mapping/webmapping/drcongo/,2026-05-15,Spatial Overlay & Risk Modeling (GEE + GeoPandas),0.96,2026-05-15,1.6803904212297311,27.807687718278732
CONC-2012-002,CAMI-3368,PE (Exploitation),Tantalum,Alphamin Bisie Mining,Industrial,2012,17.69,12.46,1.77,3114.52,13.7,Medium,0.74,17.44,False,CAMI Mining Title Database,Cadastre Minier RDC (CAMI),http://www.cami.cd/,2026-05-15,Spatial Overlay & Risk Modeling (GEE + GeoPandas),0.89,2026-05-15,1.7871082732419046,28.99138720172033
CONC-2012-003,CAMI-5366,PE (Exploitation),Gold,Alphamin Bisie Mining,Industrial,2012,17.07,15.34,1.71,3835.34,16.88,Critical,3.06,5.69,False,CAMI Mining Title Database,Cadastre Minier RDC (CAMI),http://www.cami.cd/,2026-05-15,Spatial Overlay & Risk Modeling (GEE + GeoPandas),0.96,2026-05-15,1.7090936481455792,28.70073950457189
SITE-2012-004,CAMI-2105,PR (Exploration),Copper,Alphamin Bisie Mining,Artisanal,2012,23.16,16.72,2.32,4180.76,18.4,Critical,2.65,9.86,True,IPIS Artisanal Mining Site Database,IPIS Research,https://ipisresearch.be/mapping/webmapping/drcongo/,2026-05-15,Spatial Overlay & Risk Modeling (GEE + GeoPandas),0.95,2026-05-15,1.6347375727226288,29.004726168019133
SITE-2012-005,CAMI-3362,ZEA (Artisanal Zone),Tungsten,Banro Corporation,Artisanal,2012,29.83,22.39,2.98,5597.62,24.63,Critical,4.13,6.08,False,IPIS Artisanal Mining Site Database,IPIS Research,https://ipisresearch.be/mapping/webmapping/drcongo/,2026-05-15,Spatial Overlay & Risk Modeling (GEE + GeoPandas),0.93,2026-05-15,2.0754441982753207,28.619403122453864
CONC-2012-006,CAMI-1133,PR (Exploration),Copper,Alphamin Bisie Mining,Industrial,2012,16.37,12.04,1.64,3009.99,13.24,High,4.04,19.27,False,CAMI Mining Title Database,Cadastre Minier RDC (CAMI),http://www.cami.cd/,2026-05-15,Spatial Overlay & Risk Modeling (GEE + GeoPandas),0.94,2026-05-15,1.1296362182101145,28.11086848053503
SITE-2013-000,CAMI-9297,PE (Exploitation),Copper,Alphamin Bisie Mining,Artisanal,2013,33.78,31.68,3.38,7920.04,34.85,High,2.59,6.81,True,IPIS Artisanal Mining Site Database,IPIS Research,https://ipisresearch.be/mapping/webmapping/drcongo/,2026-05-15,Spatial Overlay & Risk Modeling (GEE + GeoPandas),0.98,2026-05-15,2.209812785278764,28.93690087243244
SITE-2013-001,CAMI-5433,ZEA (Artisanal Zone),Diamond,Artisanal Cooperatives,Artisanal,2013,29.43,20.66,2.94,5165.56,22.73,High,4.92,7.3,True,IPIS Artisanal Mining Site Database,IPIS Research,https://ipisresearch.be/mapping/webmapping/drcongo/,2026-05-15,Spatial Overlay & Risk Modeling (GEE + GeoPandas),0.87,2026-05-15,1.3335952931237052,29.593491176569284
CONC-2013-002,CAMI-9228,PR (Exploration),Tungsten,Alphamin Bisie Mining,Industrial,2013,12.25,8.68,1.22,2169.05,9.54,Critical,2.06,17.52,True,CAMI Mining Title Database,Cadastre Minier RDC (CAMI),http://www.cami.cd/,2026-05-15,Spatial Overlay & Risk Modeling (GEE + GeoPandas),0.92,2026-05-15,2.21236507029435,29.284901433691903
CONC-2013-003,CAMI-8265,PR (Exploration),Diamond,Banro Corporation,Industrial,2013,17.39,13.39,1.74,3347.47,14.73,Critical,3.63,19.45,True,CAMI Mining Title Database,Cadastre Minier RDC (CAMI),http://www.cami.cd/,2026-05-15,Spatial Overlay & Risk Modeling (GEE + GeoPandas),0.87,2026-05-15,2.1402510190956097,28.86175353167217
SITE-2013-004,CAMI-1486,PR (Exploration),Copper,Kibali Goldmines,Artisanal,2013,25.99,22.63,2.6,5656.37,24.89,High,2.83,14.85,False,IPIS Artisanal Mining Site Database,IPIS Research,https://ipisresearch.be/mapping/webmapping/drcongo/,2026-05-15,Spatial Overlay & Risk Modeling (GEE + GeoPandas),0.91,2026-05-15,1.772523836389884,29.605021538922866
SITE-2013-005,CAMI-1427,PR (Exploration),Diamond,Artisanal Cooperatives,Artisanal,2013,25.36,21.89,2.54,5471.59,24.07,Medium,4.59,3.24,True,IPIS Artisanal Mining Site Database,IPIS Research,https://ipisresearch.be/mapping/webmapping/drcongo/,2026-05-15,Spatial Overlay & Risk Modeling (GEE + GeoPandas),0.91,2026-05-15,2.317611383722756,29.871026482665663
SITE-2013-006,CAMI-2752,PR (Exploration),Tungsten,Kibali Goldmines,Artisanal,2013,33.97,32.26,3.4,8064.56,35.48,High,4.77,9.97,True,IPIS Artisanal Mining Site Database,IPIS Research,https://ipisresearch.be/mapping/webmapping/drcongo/,2026-05-15,Spatial Overlay & Risk Modeling (GEE + GeoPandas),0.88,2026-05-15,1.897000811741724,28.63336355983906
CONC-2014-000,CAMI-6860,PR (Exploration),Diamond,Kibali Goldmines,Industrial,2014,13.58,10.72,1.36,2680.78,11.8,Medium,3.59,1.34,False,CAMI Mining Title Database,Cadastre Minier RDC (CAMI),http://www.cami.cd/,2026-05-15,Spatial Overlay & Risk Modeling (GEE + GeoPandas),0.9,2026-05-15,1.4604766010994745,27.977923567903236
SITE-2014-001,CAMI-5954,PE (Exploitation),Diamond,Banro Corporation,Artisanal,2014,31.68,25.49,3.17,6371.41,28.03,High,0.13,18.2,True,IPIS Artisanal Mining Site Database,IPIS Research,https://ipisresearch.be/mapping/webmapping/drcongo/,2026-05-15,Spatial Overlay & Risk Modeling (GEE + GeoPandas),0.96,2026-05-15,2.0426907065623103,27.925675530467423
SITE-2014-002,CAMI-9900,ZEA (Artisanal Zone),Tungsten,Kibali Goldmines,Artisanal,2014,33.18,30.51,3.32,7627.94,33.56,Critical,2.3,19.8,True,IPIS Artisanal Mining Site Database,IPIS Research,https://ipisresearch.be/mapping/webmapping/drcongo/,2026-05-15,Spatial Overlay & Risk Modeling (GEE + GeoPandas),0.86,2026-05-15,1.3346576769545222,27.997164080389506
CONC-2015-000,CAMI-8512,PE (Exploitation),Tungsten,Banro Corporation,Industrial,2015,12.71,10.81,1.27,2703.72,11.9,Medium,4.5,13.6,True,CAMI Mining Title Database,Cadastre Minier RDC (CAMI),http://www.cami.cd/,2026-05-15,Spatial Overlay & Risk Modeling (GEE + GeoPandas),0.95,2026-05-15,1.4130620644792296,29.809147276466966
CONC-2015-001,CAMI-7638,PE (Exploitation),Tantalum,Independent Miners,Industrial,2015,18.68,14.79,1.87,3696.79,16.27,Medium,3.28,4.88,True,CAMI Mining Title Database,Cadastre Minier RDC (CAMI),http://www.cami.cd/,2026-05-15,Spatial Overlay & Risk Modeling (GEE + GeoPandas),0.91,2026-05-15,1.255896468082999,27.730922127882483
SITE-2015-002,CAMI-2973,PE (Exploitation),Gold,Artisanal Cooperatives,Artisanal,2015,28.18,23.33,2.82,5831.64,25.66,High,3.15,9.43,True,IPIS Artisanal Mining Site Database,IPIS Research,https://ipisresearch.be/mapping/webmapping/drcongo/,2026-05-15,Spatial Overlay & Risk Modeling (GEE + GeoPandas),0.94,2026-05-15,2.1520357435625947,29.826352797461873
SITE-2015-003,CAMI-6402,PE (Exploitation),Tungsten,Independent Miners,Artisanal,2015,28.09,20.82,2.81,5204.36,22.9,Critical,2.96,10.34,True,IPIS Artisanal Mining Site Database,IPIS Research,https://ipisresearch.be/mapping/webmapping/drcongo/,2026-05-15,Spatial Overlay & Risk Modeling (GEE + GeoPandas),0.88,2026-05-15,1.37275877653263,29.56372215636738
CONC-2016-000,CAMI-2365,PR (Exploration),Copper,Kibali Goldmines,Industrial,2016,13.88,9.81,1.39,2452.16,10.79,High,3.66,1.09,True,CAMI Mining Title Database,Cadastre Minier RDC (CAMI),http://www.cami.cd/,2026-05-15,Spatial Overlay & Risk Modeling (GEE + GeoPandas),0.89,2026-05-15,1.2163845898802033,28.606651553647396
SITE-2016-001,CAMI-1571,PR (Exploration),Tin,Alphamin Bisie Mining,Artisanal,2016,32.21,24.34,3.22,6086.14,26.78,Critical,0.59,8.24,True,IPIS Artisanal Mining Site Database,IPIS Research,https://ipisresearch.be/mapping/webmapping/drcongo/,2026-05-15,Spatial Overlay & Risk Modeling (GEE + GeoPandas),0.95,2026-05-15,1.7198526474536595,28.64782747613894
CONC-2016-002,CAMI-6871,PR (Exploration),Tantalum,Artisanal Cooperatives,Industrial,2016,14.94,12.71,1.49,3176.46,13.98,High,3.98,13.06,True,CAMI Mining Title Database,Cadastre Minier RDC (CAMI),http://www.cami.cd/,2026-05-15,Spatial Overlay & Risk Modeling (GEE + GeoPandas),0.95,2026-05-15,1.9552905468129311,29.754484442445964
CONC-2016-003,CAMI-5659,PR (Exploration),Tantalum,Alphamin Bisie Mining,Industrial,2016,19.81,17.16,1.98,4290.76,18.88,High,4.99,8.23,True,CAMI Mining Title Database,Cadastre Minier RDC (CAMI),http://www.cami.cd/,2026-05-15,Spatial Overlay & Risk Modeling (GEE + GeoPandas),0.86,2026-05-15,2.2322997705462178,29.394414711144996
CONC-2016-004,CAMI-5234,PE (Exploitation),Copper,Independent Miners,Industrial,2016,21.35,15.87,2.13,3967.32,17.46,Medium,1.71,8.46,True,CAMI Mining Title Database,Cadastre Minier RDC (CAMI),http://www.cami.cd/,2026-05-15,Spatial Overlay & Risk Modeling (GEE + GeoPandas),0.86,2026-05-15,1.404924086574368,28.36780912010655
CONC-2017-000,CAMI-1067,PR (Exploration),Tin,Kibali Goldmines,Industrial,2017,15.48,12.49,1.55,3123.54,13.74,High,4.38,1.73,True,CAMI Mining Title Database,Cadastre Minier RDC (CAMI),http://www.cami.cd/,2026-05-15,Spatial Overlay & Risk Modeling (GEE + GeoPandas),0.88,2026-05-15,1.2019459539701356,28.06191670730683
CONC-2017-001,CAMI-5343,ZEA (Artisanal Zone),Diamond,Alphamin Bisie Mining,Industrial,2017,19.78,16.46,1.98,4115.31,18.11,Medium,1.75,17.89,True,CAMI Mining Title Database,Cadastre Minier RDC (CAMI),http://www.cami.cd/,2026-05-15,Spatial Overlay & Risk Modeling (GEE + GeoPandas),0.95,2026-05-15,1.5947095439749837,29.629735849762103
CONC-2017-002,CAMI-4497,PR (Exploration),Copper,Independent Miners,Industrial,2017,17.01,14.27,1.7,3567.09,15.7,High,1.54,4.71,False,CAMI Mining Title Database,Cadastre Minier RDC (CAMI),http://www.cami.cd/,2026-05-15,Spatial Overlay & Risk Modeling (GEE + GeoPandas),0.86,2026-05-15,1.740816628150807,27.919366885838706
SITE-2017-003,CAMI-2740,PE (Exploitation),Tungsten,Alphamin Bisie Mining,Artisanal,2017,39.92,34.59,3.99,8647.48,38.05,High,1.72,11.78,True,IPIS Artisanal Mining Site Database,IPIS Research,https://ipisresearch.be/mapping/webmapping/drcongo/,2026-05-15,Spatial Overlay & Risk Modeling (GEE + GeoPandas),0.98,2026-05-15,2.0187508669257745,29.00860999875891
SITE-2017-004,CAMI-7508,PR (Exploration),Copper,Kibali Goldmines,Artisanal,2017,32.95,29.46,3.29,7365.31,32.41,Medium,3.06,11.39,True,IPIS Artisanal Mining Site Database,IPIS Research,https://ipisresearch.be/mapping/webmapping/drcongo/,2026-05-15,Spatial Overlay & Risk Modeling (GEE + GeoPandas),0.88,2026-05-15,2.0261768674050273,28.038490986910162
SITE-2017-005,CAMI-5477,PR (Exploration),Tantalum,Alphamin Bisie Mining,Artisanal,2017,30.9,23.39,3.09,5847.43,25.73,Critical,0.84,0.63,True,IPIS Artisanal Mining Site Database,IPIS Research,https://ipisresearch.be/mapping/webmapping/drcongo/,2026-05-15,Spatial Overlay & Risk Modeling (GEE + GeoPandas),0.97,2026-05-15,2.015844800428464,27.69849186951178
SITE-2017-006,CAMI-3790,PR (Exploration),Tungsten,Banro Corporation,Artisanal,2017,38.42,29.38,3.84,7343.86,32.31,Critical,4.18,5.21,True,IPIS Artisanal Mining Site Database,IPIS Research,https://ipisresearch.be/mapping/webmapping/drcongo/,2026-05-15,Spatial Overlay & Risk Modeling (GEE + GeoPandas),0.91,2026-05-15,2.3505579882230463,29.31023181384755
CONC-2018-000,CAMI-3793,PR (Exploration),Tantalum,Banro Corporation,Industrial,2018,22.25,19.28,2.23,4820.8,21.21,Critical,3.71,5.09,False,CAMI Mining Title Database,Cadastre Minier RDC (CAMI),http://www.cami.cd/,2026-05-15,Spatial Overlay & Risk Modeling (GEE + GeoPandas),0.95,2026-05-15,2.249900647659326,28.468290576247913
CONC-2018-001,CAMI-9809,ZEA (Artisanal Zone),Diamond,Artisanal Cooperatives,Industrial,2018,15.94,13.9,1.59,3476.18,15.3,Medium,1.64,13.33,False,CAMI Mining Title Database,Cadastre Minier RDC (CAMI),http://www.cami.cd/,2026-05-15,Spatial Overlay & Risk Modeling (GEE + GeoPandas),0.97,2026-05-15,1.197184856228048,29.456565980047817
CONC-2018-002,CAMI-7963,PR (Exploration),Tantalum,Independent Miners,Industrial,2018,20.49,16.89,2.05,4221.68,18.58,Medium,4.94,14.76,False,CAMI Mining Title Database,Cadastre Minier RDC (CAMI),http://www.cami.cd/,2026-05-15,Spatial Overlay & Risk Modeling (GEE + GeoPandas),0.93,2026-05-15,1.77487933933288,29.86672310889645
CONC-2018-003,CAMI-9979,PE (Exploitation),Tantalum,Artisanal Cooperatives,Industrial,2018,22.93,19.27,2.29,4817.13,21.2,Critical,1.75,12.97,False,CAMI Mining Title Database,Cadastre Minier RDC (CAMI),http://www.cami.cd/,2026-05-15,Spatial Overlay & Risk Modeling (GEE + GeoPandas),0.89,2026-05-15,1.299740456377414,29.179298230320285
SITE-2019-000,CAMI-6368,ZEA (Artisanal Zone),Gold,Banro Corporation,Artisanal,2019,37.81,28.0,3.78,6999.26,30.8,Medium,4.48,13.83,True,IPIS Artisanal Mining Site Database,IPIS Research,https://ipisresearch.be/mapping/webmapping/drcongo/,2026-05-15,Spatial Overlay & Risk Modeling (GEE + GeoPandas),0.92,2026-05-15,1.3861261710310586,29.766622142181706
SITE-2019-001,CAMI-7018,PR (Exploration),Copper,Independent Miners,Artisanal,2019,34.62,25.51,3.46,6378.06,28.06,High,1.69,9.26,False,IPIS Artisanal Mining Site Database,IPIS Research,https://ipisresearch.be/mapping/webmapping/drcongo/,2026-05-15,Spatial Overlay & Risk Modeling (GEE + GeoPandas),0.98,2026-05-15,2.2200797018172524,28.524726391046748
CONC-2019-002,CAMI-4462,PR (Exploration),Gold,Alphamin Bisie Mining,Industrial,2019,17.61,12.47,1.76,3117.87,13.72,Medium,3.07,19.25,False,CAMI Mining Title Database,Cadastre Minier RDC (CAMI),http://www.cami.cd/,2026-05-15,Spatial Overlay & Risk Modeling (GEE + GeoPandas),0.96,2026-05-15,1.6029061503252366,29.661107373182123
SITE-2020-000,CAMI-6640,PR (Exploration),Tantalum,Artisanal Cooperatives,Artisanal,2020,38.01,34.45,3.8,8613.67,37.9,Medium,0.9,18.89,True,IPIS Artisanal Mining Site Database,IPIS Research,https://ipisresearch.be/mapping/webmapping/drcongo/,2026-05-15,Spatial Overlay & Risk Modeling (GEE + GeoPandas),0.96,2026-05-15,1.9443853392474602,29.011478641271502
CONC-2020-001,CAMI-1367,PR (Exploration),Tin,Independent Miners,Industrial,2020,21.52,16.16,2.15,4039.93,17.78,Medium,2.15,2.38,False,CAMI Mining Title Database,Cadastre Minier RDC (CAMI),http://www.cami.cd/,2026-05-15,Spatial Overlay & Risk Modeling (GEE + GeoPandas),0.89,2026-05-15,1.9316075667522772,28.96301956889214
SITE-2020-002,CAMI-2124,PE (Exploitation),Copper,Independent Miners,Artisanal,2020,36.71,33.89,3.67,8472.82,37.28,Medium,4.27,1.09,True,IPIS Artisanal Mining Site Database,IPIS Research,https://ipisresearch.be/mapping/webmapping/drcongo/,2026-05-15,Spatial Overlay & Risk Modeling (GEE + GeoPandas),0.92,2026-05-15,2.0905389549857385,29.316974426950562
CONC-2021-000,CAMI-2659,PE (Exploitation),Tantalum,Alphamin Bisie Mining,Industrial,2021,16.25,13.01,1.62,3252.83,14.31,Medium,3.07,15.64,True,CAMI Mining Title Database,Cadastre Minier RDC (CAMI),http://www.cami.cd/,2026-05-15,Spatial Overlay & Risk Modeling (GEE + GeoPandas),0.97,2026-05-15,1.8778975941385432,29.494621731975187
CONC-2021-001,CAMI-3619,PE (Exploitation),Copper,Banro Corporation,Industrial,2021,18.17,14.99,1.82,3747.89,16.49,Medium,4.34,7.06,True,CAMI Mining Title Database,Cadastre Minier RDC (CAMI),http://www.cami.cd/,2026-05-15,Spatial Overlay & Risk Modeling (GEE + GeoPandas),0.93,2026-05-15,2.0987572597318094,29.213926624561676
CONC-2021-002,CAMI-1982,PR (Exploration),Gold,Independent Miners,Industrial,2021,20.39,14.57,2.04,3641.86,16.02,High,1.04,16.35,True,CAMI Mining Title Database,Cadastre Minier RDC (CAMI),http://www.cami.cd/,2026-05-15,Spatial Overlay & Risk Modeling (GEE + GeoPandas),0.88,2026-05-15,2.0305711219768385,28.763022464890405
SITE-2021-003,CAMI-5056,PE (Exploitation),Tungsten,Kibali Goldmines,Artisanal,2021,43.31,38.94,4.33,9735.53,42.84,Medium,4.55,3.46,True,IPIS Artisanal Mining Site Database,IPIS Research,https://ipisresearch.be/mapping/webmapping/drcongo/,2026-05-15,Spatial Overlay & Risk Modeling (GEE + GeoPandas),0.87,2026-05-15,1.9097163018691428,27.772972822931703
CONC-2021-004,CAMI-3951,PE (Exploitation),Gold,Banro Corporation,Industrial,2021,23.94,17.69,2.39,4422.42,19.46,High,1.82,19.98,False,CAMI Mining Title Database,Cadastre Minier RDC (CAMI),http://www.cami.cd/,2026-05-15,Spatial Overlay & Risk Modeling (GEE + GeoPandas),0.92,2026-05-15,2.386641629526858,29.509397060162648
CONC-2021-005,CAMI-7018,PE (Exploitation),Tungsten,Banro Corporation,Industrial,2021,15.92,12.46,1.59,3113.91,13.7,Medium,1.78,4.64,True,CAMI Mining Title Database,Cadastre Minier RDC (CAMI),http://www.cami.cd/,2026-05-15,Spatial Overlay & Risk Modeling (GEE + GeoPandas),0.94,2026-05-15,1.750757403286571,28.205848651856197
CONC-2021-006,CAMI-5360,PR (Exploration),Diamond,Alphamin Bisie Mining,Industrial,2021,20.4,19.33,2.04,4831.42,21.26,Medium,4.76,4.83,False,CAMI Mining Title Database,Cadastre Minier RDC (CAMI),http://www.cami.cd/,2026-05-15,Spatial Overlay & Risk Modeling (GEE + GeoPandas),0.89,2026-05-15,2.005025039750964,27.609718834058096
SITE-2021-007,CAMI-9986,ZEA (Artisanal Zone),Tungsten,Artisanal Cooperatives,Artisanal,2021,44.58,42.25,4.46,10562.52,46.48,Medium,0.13,16.96,True,IPIS Artisanal Mining Site Database,IPIS Research,https://ipisresearch.be/mapping/webmapping/drcongo/,2026-05-15,Spatial Overlay & Risk Modeling (GEE + GeoPandas),0.92,2026-05-15,2.1058869469597705,28.397939403074705
CONC-2022-000,CAMI-5579,PR (Exploration),Copper,Banro Corporation,Industrial,2022,20.39,18.57,2.04,4641.45,20.42,High,3.47,13.51,False,CAMI Mining Title Database,Cadastre Minier RDC (CAMI),http://www.cami.cd/,2026-05-15,Spatial Overlay & Risk Modeling (GEE + GeoPandas),0.96,2026-05-15,1.9677293501873458,29.681083950591514
CONC-2022-001,CAMI-6211,PE (Exploitation),Gold,Kibali Goldmines,Industrial,2022,25.16,20.36,2.52,5090.2,22.4,Medium,2.44,13.41,False,CAMI Mining Title Database,Cadastre Minier RDC (CAMI),http://www.cami.cd/,2026-05-15,Spatial Overlay & Risk Modeling (GEE + GeoPandas),0.94,2026-05-15,1.5209805719455733,28.38867052614414
SITE-2022-002,CAMI-4550,PR (Exploration),Tungsten,Banro Corporation,Artisanal,2022,39.39,35.31,3.94,8827.43,38.84,Critical,1.02,8.41,False,IPIS Artisanal Mining Site Database,IPIS Research,https://ipisresearch.be/mapping/webmapping/drcongo/,2026-05-15,Spatial Overlay & Risk Modeling (GEE + GeoPandas),0.98,2026-05-15,1.1861473194177414,29.095429183930207
SITE-2022-003,CAMI-2976,PE (Exploitation),Gold,Artisanal Cooperatives,Artisanal,2022,39.93,32.93,3.99,8232.25,36.22,Critical,3.34,16.15,False,IPIS Artisanal Mining Site Database,IPIS Research,https://ipisresearch.be/mapping/webmapping/drcongo/,2026-05-15,Spatial Overlay & Risk Modeling (GEE + GeoPandas),0.96,2026-05-15,1.3362223613181288,29.79493527921145
SITE-2023-000,CAMI-6162,PE (Exploitation),Tin,Artisanal Cooperatives,Artisanal,2023,40.26,35.05,4.03,8763.17,38.56,Medium,1.07,3.26,True,IPIS Artisanal Mining Site Database,IPIS Research,https://ipisresearch.be/mapping/webmapping/drcongo/,2026-05-15,Spatial Overlay & Risk Modeling (GEE + GeoPandas),0.93,2026-05-15,2.312698534069129,29.562560490194596
CONC-2023-001,CAMI-4365,PE (Exploitation),Tungsten,Kibali Goldmines,Industrial,2023,20.86,19.13,2.09,4781.73,21.04,High,2.36,16.06,True,CAMI Mining Title Database,Cadastre Minier RDC (CAMI),http://www.cami.cd/,2026-05-15,Spatial Overlay & Risk Modeling (GEE + GeoPandas),0.88,2026-05-15,2.377795586104322,28.561944047147062
SITE-2023-002,CAMI-2065,PE (Exploitation),Tantalum,Banro Corporation,Artisanal,2023,42.44,30.43,4.24,7607.63,33.47,High,3.02,8.77,False,IPIS Artisanal Mining Site Database,IPIS Research,https://ipisresearch.be/mapping/webmapping/drcongo/,2026-05-15,Spatial Overlay & Risk Modeling (GEE + GeoPandas),0.94,2026-05-15,1.230504520061362,29.67381188710556
SITE-2023-003,CAMI-3952,PE (Exploitation),Tungsten,Banro Corporation,Artisanal,2023,46.77,35.46,4.68,8863.9,39.0,High,1.05,17.21,False,IPIS Artisanal Mining Site Database,IPIS Research,https://ipisresearch.be/mapping/webmapping/drcongo/,2026-05-15,Spatial Overlay & Risk Modeling (GEE + GeoPandas),0.9,2026-05-15,1.479835622187803,29.29728963988812
SITE-2024-000,CAMI-9725,ZEA (Artisanal Zone),Gold,Banro Corporation,Artisanal,2024,49.44,44.62,4.94,11156.12,49.09,High,2.48,2.84,True,IPIS Artisanal Mining Site Database,IPIS Research,https://ipisresearch.be/mapping/webmapping/drcongo/,2026-05-15,Spatial Overlay & Risk Modeling (GEE + GeoPandas),0.97,2026-05-15,1.552576112881452,28.574893224683088
CONC-2024-001,CAMI-5740,ZEA (Artisanal Zone),Diamond,Artisanal Cooperatives,Industrial,2024,25.77,22.94,2.58,5736.21,25.24,Medium,2.34,2.28,False,CAMI Mining Title Database,Cadastre Minier RDC (CAMI),http://www.cami.cd/,2026-05-15,Spatial Overlay & Risk Modeling (GEE + GeoPandas),0.89,2026-05-15,1.2716269310949608,28.727962366970168
CONC-2024-002,CAMI-2902,PR (Exploration),Tantalum,Banro Corporation,Industrial,2024,25.38,21.73,2.54,5431.85,23.9,Medium,0.69,18.43,True,CAMI Mining Title Database,Cadastre Minier RDC (CAMI),http://www.cami.cd/,2026-05-15,Spatial Overlay & Risk Modeling (GEE + GeoPandas),0.96,2026-05-15,1.358148487230052,29.325215028809804
SITE-2024-003,CAMI-1329,ZEA (Artisanal Zone),Tin,Banro Corporation,Artisanal,2024,42.29,34.65,4.23,8661.43,38.11,Critical,1.33,9.0,True,IPIS Artisanal Mining Site Database,IPIS Research,https://ipisresearch.be/mapping/webmapping/drcongo/,2026-05-15,Spatial Overlay & Risk Modeling (GEE + GeoPandas),0.89,2026-05-15,1.9702734500761716,29.66313450169853
SITE-2024-004,CAMI-4144,PR (Exploration),Tungsten,Banro Corporation,Artisanal,2024,50.64,39.63,5.06,9906.32,43.59,Medium,0.51,12.51,True,IPIS Artisanal Mining Site Database,IPIS Research,https://ipisresearch.be/mapping/webmapping/drcongo/,2026-05-15,Spatial Overlay & Risk Modeling (GEE + GeoPandas),0.9,2026-05-15,1.3058635128151153,29.809410166154954
SITE-2024-005,CAMI-7143,PE (Exploitation),Diamond,Kibali Goldmines,Artisanal,2024,41.45,38.79,4.15,9697.66,42.67,High,4.29,1.72,True,IPIS Artisanal Mining Site Database,IPIS Research,https://ipisresearch.be/mapping/webmapping/drcongo/,2026-05-15,Spatial Overlay & Risk Modeling (GEE + GeoPandas),0.94,2026-05-15,1.2101850280546118,28.077521141791276
CONC-2024-006,CAMI-9732,ZEA (Artisanal Zone),Gold,Artisanal Cooperatives,Industrial,2024,24.18,18.52,2.42,4630.19,20.37,Medium,2.41,15.23,True,CAMI Mining Title Database,Cadastre Minier RDC (CAMI),http://www.cami.cd/,2026-05-15,Spatial Overlay & Risk Modeling (GEE + GeoPandas),0.9,2026-05-15,2.18659119749396,29.373228846238543
CONC-2025-000,CAMI-2711,ZEA (Artisanal Zone),Diamond,Alphamin Bisie Mining,Industrial,2025,23.53,19.29,2.35,4822.42,21.22,Critical,1.73,4.56,True,CAMI Mining Title Database,Cadastre Minier RDC (CAMI),http://www.cami.cd/,2026-05-15,Spatial Overlay & Risk Modeling (GEE + GeoPandas),0.95,2026-05-15,1.2432442660548586,28.12721898142298
SITE-2025-001,CAMI-6326,PR (Exploration),Tantalum,Artisanal Cooperatives,Artisanal,2025,50.46,41.99,5.05,10498.41,46.19,Critical,3.45,16.78,False,IPIS Artisanal Mining Site Database,IPIS Research,https://ipisresearch.be/mapping/webmapping/drcongo/,2026-05-15,Spatial Overlay & Risk Modeling (GEE + GeoPandas),0.87,2026-05-15,1.896544441823129,28.626109894779887
CONC-2025-002,CAMI-1772,PE (Exploitation),Tungsten,Artisanal Cooperatives,Industrial,2025,23.96,19.51,2.4,4877.35,21.46,Medium,3.39,18.53,True,CAMI Mining Title Database,Cadastre Minier RDC (CAMI),http://www.cami.cd/,2026-05-15,Spatial Overlay & Risk Modeling (GEE + GeoPandas),0.88,2026-05-15,1.4855344992122232,28.24369597235529
SITE-2025-003,CAMI-9921,PR (Exploration),Tin,Artisanal Cooperatives,Artisanal,2025,43.34,32.11,4.33,8027.44,35.32,Critical,0.98,12.09,True,IPIS Artisanal Mining Site Database,IPIS Research,https://ipisresearch.be/mapping/webmapping/drcongo/,2026-05-15,Spatial Overlay & Risk Modeling (GEE + GeoPandas),0.96,2026-05-15,1.6057641897892274,29.22383837381006
CONC-2025-004,CAMI-1680,ZEA (Artisanal Zone),Diamond,Banro Corporation,Industrial,2025,18.56,14.44,1.86,3609.16,15.88,Medium,0.56,11.68,True,CAMI Mining Title Database,Cadastre Minier RDC (CAMI),http://www.cami.cd/,2026-05-15,Spatial Overlay & Risk Modeling (GEE + GeoPandas),0.95,2026-05-15,1.9015404411646466,28.494247326881837
CONC-2025-005,CAMI-4905,PE (Exploitation),Tin,Independent Miners,Industrial,2025,26.04,20.26,2.6,5064.02,22.28,Medium,3.43,10.12,True,CAMI Mining Title Database,Cadastre Minier RDC (CAMI),http://www.cami.cd/,2026-05-15,Spatial Overlay & Risk Modeling (GEE + GeoPandas),0.97,2026-05-15,1.334872532594685,29.399556190741144
SITE-2025-006,CAMI-1965,ZEA (Artisanal Zone),Gold,Banro Corporation,Artisanal,2025,44.55,35.29,4.46,8823.39,38.82,High,0.25,12.4,False,IPIS Artisanal Mining Site Database,IPIS Research,https://ipisresearch.be/mapping/webmapping/drcongo/,2026-05-15,Spatial Overlay & Risk Modeling (GEE + GeoPandas),0.86,2026-05-15,1.9693218849761027,28.051922961385788
CONC-2026-000,CAMI-7583,PR (Exploration),Gold,Artisanal Cooperatives,Industrial,2026,21.22,19.18,2.12,4794.93,21.1,Critical,2.92,7.27,False,CAMI Mining Title Database,Cadastre Minier RDC (CAMI),http://www.cami.cd/,2026-05-15,Spatial Overlay & Risk Modeling (GEE + GeoPandas),0.98,2026-05-15,2.1282984023640594,28.02428739697548
CONC-2026-001,CAMI-9017,PE (Exploitation),Copper,Alphamin Bisie Mining,Industrial,2026,22.89,18.98,2.29,4745.12,20.88,High,4.21,15.08,True,CAMI Mining Title Database,Cadastre Minier RDC (CAMI),http://www.cami.cd/,2026-05-15,Spatial Overlay & Risk Modeling (GEE + GeoPandas),0.87,2026-05-15,1.8350824008407698,29.374904637335764
CONC-2026-002,CAMI-9551,PR (Exploration),Tantalum,Artisanal Cooperatives,Industrial,2026,23.87,17.31,2.39,4327.81,19.04,Medium,0.66,6.74,False,CAMI Mining Title Database,Cadastre Minier RDC (CAMI),http://www.cami.cd/,2026-05-15,Spatial Overlay & Risk Modeling (GEE + GeoPandas),0.9,2026-05-15,2.1083293723635212,28.47828051492527
SITE-2026-003,CAMI-6997,PR (Exploration),Tantalum,Independent Miners,Artisanal,2026,53.21,37.37,5.32,9342.4,41.11,Medium,4.79,3.69,True,IPIS Artisanal Mining Site Database,IPIS Research,https://ipisresearch.be/mapping/webmapping/drcongo/,2026-05-15,Spatial Overlay & Risk Modeling (GEE + GeoPandas),0.98,2026-05-15,1.9673396145065283,27.77017962181919
CONC-2026-004,CAMI-9229,PE (Exploitation),Tantalum,Artisanal Cooperatives,Industrial,2026,20.04,17.98,2.0,4495.74,19.78,Medium,2.2,9.97,True,CAMI Mining Title Database,Cadastre Minier RDC (CAMI),http://www.cami.cd/,2026-05-15,Spatial Overlay & Risk Modeling (GEE + GeoPandas),0.88,2026-05-15,1.4801970771806134,28.297379081041864
SITE-2026-005,CAMI-5197,PE (Exploitation),Copper,Artisanal Cooperatives,Artisanal,2026,45.24,42.71,4.52,10676.43,46.98,Critical,3.48,16.61,True,IPIS Artisanal Mining Site Database,IPIS Research,https://ipisresearch.be/mapping/webmapping/drcongo/,2026-05-15,Spatial Overlay & Risk Modeling (GEE + GeoPandas),0.95,2026-05-15,1.2769274718469448,29.581968609790216
SITE-2026-006,CAMI-9217,PE (Exploitation),Tantalum,Kibali Goldmines,Artisanal,2026,44.52,31.89,4.45,7973.42,35.08,Critical,2.27,0.37,True,IPIS Artisanal Mining Site Database,IPIS Research,https://ipisresearch.be/mapping/webmapping/drcongo/,2026-05-15,Spatial Overlay & Risk Modeling (GEE + GeoPandas),0.89,2026-05-15,1.2232839265035618,29.125911199667357
