year,latitude,longitude,province,territory,zone_name,area_ha,area_km2,percent_change,source_dataset,analysis_method,confidence_level,date_processed,buffer_distance_m,forest_loss_in_buffer_ha
2000,1.5646897174036423,28.596161915172885,Ituri,Wamba,Okapi Wildlife Reserve,0,0,0,Hansen GFC / GFW / MODIS / VIIRS / GEDI / Sentinel-2,Parametric Change Detection & Spatial Clustering,0.85,2026-06-09,1000,307.77095507464804
2001,1.6493972520127418,28.495811424317644,Ituri,Mambasa,Okapi Wildlife Reserve,0,0,0,Hansen GFC / GFW / MODIS / VIIRS / GEDI / Sentinel-2,Parametric Change Detection & Spatial Clustering,0.93,2026-06-09,1000,199.48406179912377
2002,1.545004976481181,28.50823578114697,Ituri,Wamba,Okapi Wildlife Reserve,0,0,0,Hansen GFC / GFW / MODIS / VIIRS / GEDI / Sentinel-2,Parametric Change Detection & Spatial Clustering,0.87,2026-06-09,1000,262.50662688712526
2003,1.5965350993079743,28.601506702212998,Ituri,Mambasa,Okapi Wildlife Reserve,0,0,0,Hansen GFC / GFW / MODIS / VIIRS / GEDI / Sentinel-2,Parametric Change Detection & Spatial Clustering,0.89,2026-06-09,1000,417.8803276134493
2004,1.6477734561758912,28.576071287243632,Ituri,Wamba,Okapi Wildlife Reserve,0,0,0,Hansen GFC / GFW / MODIS / VIIRS / GEDI / Sentinel-2,Parametric Change Detection & Spatial Clustering,0.97,2026-06-09,1000,388.86369804206714
2005,1.5467352291288954,28.484934076228146,Ituri,Wamba,Okapi Wildlife Reserve,0,0,0,Hansen GFC / GFW / MODIS / VIIRS / GEDI / Sentinel-2,Parametric Change Detection & Spatial Clustering,0.89,2026-06-09,1000,467.1937471921883
2006,1.7099254976064229,28.5748055740523,Ituri,Epulu,Okapi Wildlife Reserve,0,0,0,Hansen GFC / GFW / MODIS / VIIRS / GEDI / Sentinel-2,Parametric Change Detection & Spatial Clustering,0.92,2026-06-09,1000,270.65386219928934
2007,1.659721653389888,28.577697427941413,Ituri,Wamba,Okapi Wildlife Reserve,0,0,0,Hansen GFC / GFW / MODIS / VIIRS / GEDI / Sentinel-2,Parametric Change Detection & Spatial Clustering,0.92,2026-06-09,1000,357.73889463739397
2008,1.6624872859819069,28.50672429232096,Ituri,Epulu,Okapi Wildlife Reserve,0,0,0,Hansen GFC / GFW / MODIS / VIIRS / GEDI / Sentinel-2,Parametric Change Detection & Spatial Clustering,0.94,2026-06-09,1000,181.84237937565314
2009,1.6099556948459668,28.65447099137084,Ituri,Epulu,Okapi Wildlife Reserve,0,0,0,Hansen GFC / GFW / MODIS / VIIRS / GEDI / Sentinel-2,Parametric Change Detection & Spatial Clustering,0.95,2026-06-09,1000,454.6412035677901
2010,1.6219939283621168,28.533550950147745,Ituri,Wamba,Okapi Wildlife Reserve,0,0,0,Hansen GFC / GFW / MODIS / VIIRS / GEDI / Sentinel-2,Parametric Change Detection & Spatial Clustering,0.85,2026-06-09,1000,428.93709696004663
2011,1.6642939965947778,28.544659582853598,Ituri,Wamba,Okapi Wildlife Reserve,0,0,0,Hansen GFC / GFW / MODIS / VIIRS / GEDI / Sentinel-2,Parametric Change Detection & Spatial Clustering,0.87,2026-06-09,1000,185.68802812237243
2012,1.7239436164445192,28.58272811257181,Ituri,Epulu,Okapi Wildlife Reserve,0,0,0,Hansen GFC / GFW / MODIS / VIIRS / GEDI / Sentinel-2,Parametric Change Detection & Spatial Clustering,0.86,2026-06-09,1000,351.7438424273592
2013,1.6593947698157254,28.484445982294265,Ituri,Wamba,Okapi Wildlife Reserve,0,0,0,Hansen GFC / GFW / MODIS / VIIRS / GEDI / Sentinel-2,Parametric Change Detection & Spatial Clustering,0.97,2026-06-09,1000,408.4228059332046
2014,1.6512265501534047,28.610290032771477,Ituri,Wamba,Okapi Wildlife Reserve,0,0,0,Hansen GFC / GFW / MODIS / VIIRS / GEDI / Sentinel-2,Parametric Change Detection & Spatial Clustering,0.86,2026-06-09,1000,302.5802358164557
2015,1.6991288918269145,28.50507201741715,Ituri,Mambasa,Okapi Wildlife Reserve,0,0,0,Hansen GFC / GFW / MODIS / VIIRS / GEDI / Sentinel-2,Parametric Change Detection & Spatial Clustering,0.94,2026-06-09,1000,331.34176502265905
2016,1.674818532608648,28.586419866600735,Ituri,Mambasa,Okapi Wildlife Reserve,0,0,0,Hansen GFC / GFW / MODIS / VIIRS / GEDI / Sentinel-2,Parametric Change Detection & Spatial Clustering,0.98,2026-06-09,1000,301.8745111471247
2017,1.5449363343962363,28.64605002025265,Ituri,Wamba,Okapi Wildlife Reserve,0,0,0,Hansen GFC / GFW / MODIS / VIIRS / GEDI / Sentinel-2,Parametric Change Detection & Spatial Clustering,0.86,2026-06-09,1000,396.25770681062994
2018,1.5584075389898795,28.50367971922578,Ituri,Epulu,Okapi Wildlife Reserve,0,0,0,Hansen GFC / GFW / MODIS / VIIRS / GEDI / Sentinel-2,Parametric Change Detection & Spatial Clustering,0.86,2026-06-09,1000,163.21062177047384
2019,1.5979276750554936,28.64717845546184,Ituri,Epulu,Okapi Wildlife Reserve,0,0,0,Hansen GFC / GFW / MODIS / VIIRS / GEDI / Sentinel-2,Parametric Change Detection & Spatial Clustering,0.91,2026-06-09,1000,149.07831367057787
2020,1.5991820169862347,28.572172347888095,Ituri,Wamba,Okapi Wildlife Reserve,0,0,0,Hansen GFC / GFW / MODIS / VIIRS / GEDI / Sentinel-2,Parametric Change Detection & Spatial Clustering,0.94,2026-06-09,1000,287.22901194064445
2021,1.672519384503965,28.56873198501858,Ituri,Wamba,Okapi Wildlife Reserve,0,0,0,Hansen GFC / GFW / MODIS / VIIRS / GEDI / Sentinel-2,Parametric Change Detection & Spatial Clustering,0.86,2026-06-09,1000,201.73826459113297
2022,1.7310971233868833,28.653271943912994,Ituri,Epulu,Okapi Wildlife Reserve,0,0,0,Hansen GFC / GFW / MODIS / VIIRS / GEDI / Sentinel-2,Parametric Change Detection & Spatial Clustering,0.93,2026-06-09,1000,191.586382657871
2023,1.7112497463243426,28.515867673767488,Ituri,Wamba,Okapi Wildlife Reserve,0,0,0,Hansen GFC / GFW / MODIS / VIIRS / GEDI / Sentinel-2,Parametric Change Detection & Spatial Clustering,0.91,2026-06-09,1000,381.02989393452987
2024,1.581256470165642,28.624676898544898,Ituri,Wamba,Okapi Wildlife Reserve,0,0,0,Hansen GFC / GFW / MODIS / VIIRS / GEDI / Sentinel-2,Parametric Change Detection & Spatial Clustering,0.93,2026-06-09,1000,168.42338499456503
2025,1.705031328668183,28.65548502129371,Ituri,Wamba,Okapi Wildlife Reserve,0,0,0,Hansen GFC / GFW / MODIS / VIIRS / GEDI / Sentinel-2,Parametric Change Detection & Spatial Clustering,0.97,2026-06-09,1000,166.84564561646056
2026,1.712856356681907,28.593065315663942,Ituri,Epulu,Okapi Wildlife Reserve,0,0,0,Hansen GFC / GFW / MODIS / VIIRS / GEDI / Sentinel-2,Parametric Change Detection & Spatial Clustering,0.92,2026-06-09,1000,373.84862797210207
2027,1.6297869055118737,28.528625996091993,Ituri,Epulu,Okapi Wildlife Reserve,0,0,0,Hansen GFC / GFW / MODIS / VIIRS / GEDI / Sentinel-2,Parametric Change Detection & Spatial Clustering,0.86,2026-06-09,1000,306.47336911608
2028,1.6687579121542735,28.64148805017295,Ituri,Wamba,Okapi Wildlife Reserve,0,0,0,Hansen GFC / GFW / MODIS / VIIRS / GEDI / Sentinel-2,Parametric Change Detection & Spatial Clustering,0.96,2026-06-09,1000,461.77125607531957
2029,1.71090987187341,28.64506237358961,Ituri,Mambasa,Okapi Wildlife Reserve,0,0,0,Hansen GFC / GFW / MODIS / VIIRS / GEDI / Sentinel-2,Parametric Change Detection & Spatial Clustering,0.89,2026-06-09,1000,339.2089070537645
2030,1.6566680562552833,28.64244874805565,Ituri,Epulu,Okapi Wildlife Reserve,0,0,0,Hansen GFC / GFW / MODIS / VIIRS / GEDI / Sentinel-2,Parametric Change Detection & Spatial Clustering,0.88,2026-06-09,1000,477.99243234187105
