year,latitude,longitude,province,territory,zone_name,area_ha,area_km2,percent_change,source_dataset,analysis_method,confidence_level,date_processed,turbidity_increase_percent,riparian_loss_ha
2000,1.7136926823508665,28.62735978818982,Ituri,Epulu,Okapi Wildlife Reserve,0,0,0,Hansen GFC / GFW / MODIS / VIIRS / GEDI / Sentinel-2,Parametric Change Detection & Spatial Clustering,0.94,2026-06-09,18.191798711598956,8.757907964035397
2001,1.6719521447783046,28.511837370745972,Ituri,Wamba,Okapi Wildlife Reserve,0,0,0,Hansen GFC / GFW / MODIS / VIIRS / GEDI / Sentinel-2,Parametric Change Detection & Spatial Clustering,0.91,2026-06-09,17.7161144698503,3.737725989115998
2002,1.6424466304898842,28.631947734431222,Ituri,Wamba,Okapi Wildlife Reserve,0,0,0,Hansen GFC / GFW / MODIS / VIIRS / GEDI / Sentinel-2,Parametric Change Detection & Spatial Clustering,0.85,2026-06-09,17.252506040413202,2.853450419563341
2003,1.5978007095751,28.5985304576831,Ituri,Epulu,Okapi Wildlife Reserve,0,0,0,Hansen GFC / GFW / MODIS / VIIRS / GEDI / Sentinel-2,Parametric Change Detection & Spatial Clustering,0.88,2026-06-09,20.70656948436278,7.626060073343412
2004,1.6215792018231725,28.647592832773253,Ituri,Epulu,Okapi Wildlife Reserve,0,0,0,Hansen GFC / GFW / MODIS / VIIRS / GEDI / Sentinel-2,Parametric Change Detection & Spatial Clustering,0.85,2026-06-09,24.58032975080599,8.243202305002193
2005,1.633630650145916,28.62283384485514,Ituri,Wamba,Okapi Wildlife Reserve,0,0,0,Hansen GFC / GFW / MODIS / VIIRS / GEDI / Sentinel-2,Parametric Change Detection & Spatial Clustering,0.88,2026-06-09,20.674131611307107,3.7463529732279337
2006,1.647687653055455,28.60197283195005,Ituri,Mambasa,Okapi Wildlife Reserve,0,0,0,Hansen GFC / GFW / MODIS / VIIRS / GEDI / Sentinel-2,Parametric Change Detection & Spatial Clustering,0.96,2026-06-09,9.98107274822673,9.486634107465022
2007,1.6418872065745191,28.487525019064897,Ituri,Epulu,Okapi Wildlife Reserve,0,0,0,Hansen GFC / GFW / MODIS / VIIRS / GEDI / Sentinel-2,Parametric Change Detection & Spatial Clustering,0.95,2026-06-09,20.368170213641235,6.265223008220116
2008,1.540713569247186,28.586187329549578,Ituri,Wamba,Okapi Wildlife Reserve,0,0,0,Hansen GFC / GFW / MODIS / VIIRS / GEDI / Sentinel-2,Parametric Change Detection & Spatial Clustering,0.97,2026-06-09,24.319003298223528,7.519616694253035
2009,1.6024011147668755,28.495631821715307,Ituri,Epulu,Okapi Wildlife Reserve,0,0,0,Hansen GFC / GFW / MODIS / VIIRS / GEDI / Sentinel-2,Parametric Change Detection & Spatial Clustering,0.98,2026-06-09,10.213963949032717,8.255996267008786
2010,1.69026761230846,28.53699767884991,Ituri,Mambasa,Okapi Wildlife Reserve,0,0,0,Hansen GFC / GFW / MODIS / VIIRS / GEDI / Sentinel-2,Parametric Change Detection & Spatial Clustering,0.95,2026-06-09,14.535984691397058,2.6361268771769106
2011,1.70692747137428,28.491224949447417,Ituri,Mambasa,Okapi Wildlife Reserve,0,0,0,Hansen GFC / GFW / MODIS / VIIRS / GEDI / Sentinel-2,Parametric Change Detection & Spatial Clustering,0.94,2026-06-09,6.937218503831415,4.948357072757338
2012,1.7273031527998888,28.565908401201938,Ituri,Mambasa,Okapi Wildlife Reserve,0,0,0,Hansen GFC / GFW / MODIS / VIIRS / GEDI / Sentinel-2,Parametric Change Detection & Spatial Clustering,0.98,2026-06-09,10.863203352693967,5.677889275412398
2013,1.5463399430550324,28.61344408613315,Ituri,Mambasa,Okapi Wildlife Reserve,0,0,0,Hansen GFC / GFW / MODIS / VIIRS / GEDI / Sentinel-2,Parametric Change Detection & Spatial Clustering,0.94,2026-06-09,9.864254123851657,4.077518855024134
2014,1.5489232550894103,28.61097210560792,Ituri,Epulu,Okapi Wildlife Reserve,0,0,0,Hansen GFC / GFW / MODIS / VIIRS / GEDI / Sentinel-2,Parametric Change Detection & Spatial Clustering,0.97,2026-06-09,13.546972404346764,9.657287444896124
2015,1.6917343104494702,28.648191460088512,Ituri,Epulu,Okapi Wildlife Reserve,0,0,0,Hansen GFC / GFW / MODIS / VIIRS / GEDI / Sentinel-2,Parametric Change Detection & Spatial Clustering,0.86,2026-06-09,6.609349506771847,3.8606404516439428
2016,1.672631621304279,28.515999209082192,Ituri,Wamba,Okapi Wildlife Reserve,0,0,0,Hansen GFC / GFW / MODIS / VIIRS / GEDI / Sentinel-2,Parametric Change Detection & Spatial Clustering,0.95,2026-06-09,14.543993385678979,6.543838212580768
2017,1.6035635539910997,28.65641830920755,Ituri,Wamba,Okapi Wildlife Reserve,0,0,0,Hansen GFC / GFW / MODIS / VIIRS / GEDI / Sentinel-2,Parametric Change Detection & Spatial Clustering,0.86,2026-06-09,9.380212683542515,8.931152608682227
2018,1.5903702053104904,28.63652514559183,Ituri,Mambasa,Okapi Wildlife Reserve,0,0,0,Hansen GFC / GFW / MODIS / VIIRS / GEDI / Sentinel-2,Parametric Change Detection & Spatial Clustering,0.91,2026-06-09,7.06038934931888,8.908819192337361
2019,1.6745366043348,28.566823069455353,Ituri,Epulu,Okapi Wildlife Reserve,0,0,0,Hansen GFC / GFW / MODIS / VIIRS / GEDI / Sentinel-2,Parametric Change Detection & Spatial Clustering,0.86,2026-06-09,21.744681117104555,9.185777073748596
2020,1.5752131331403574,28.571159789462655,Ituri,Wamba,Okapi Wildlife Reserve,0,0,0,Hansen GFC / GFW / MODIS / VIIRS / GEDI / Sentinel-2,Parametric Change Detection & Spatial Clustering,0.85,2026-06-09,20.63836549371222,5.3550742574390116
2021,1.635484720213139,28.665145946176082,Ituri,Epulu,Okapi Wildlife Reserve,0,0,0,Hansen GFC / GFW / MODIS / VIIRS / GEDI / Sentinel-2,Parametric Change Detection & Spatial Clustering,0.88,2026-06-09,20.121444180499353,6.319770280929216
2022,1.6846717742020922,28.57185199054184,Ituri,Wamba,Okapi Wildlife Reserve,0,0,0,Hansen GFC / GFW / MODIS / VIIRS / GEDI / Sentinel-2,Parametric Change Detection & Spatial Clustering,0.92,2026-06-09,14.388414775711452,3.522225429082913
2023,1.6709532185415736,28.643732407703983,Ituri,Epulu,Okapi Wildlife Reserve,0,0,0,Hansen GFC / GFW / MODIS / VIIRS / GEDI / Sentinel-2,Parametric Change Detection & Spatial Clustering,0.95,2026-06-09,9.885729482084516,6.5704937149720495
2024,1.6669036193321665,28.483369647456175,Ituri,Mambasa,Okapi Wildlife Reserve,0,0,0,Hansen GFC / GFW / MODIS / VIIRS / GEDI / Sentinel-2,Parametric Change Detection & Spatial Clustering,0.86,2026-06-09,24.93481998614489,2.545400226917554
2025,1.6905872714395191,28.559095147315997,Ituri,Wamba,Okapi Wildlife Reserve,0,0,0,Hansen GFC / GFW / MODIS / VIIRS / GEDI / Sentinel-2,Parametric Change Detection & Spatial Clustering,0.88,2026-06-09,17.050327158749354,3.7226281759360473
2026,1.5805796432106822,28.546923154926013,Ituri,Mambasa,Okapi Wildlife Reserve,0,0,0,Hansen GFC / GFW / MODIS / VIIRS / GEDI / Sentinel-2,Parametric Change Detection & Spatial Clustering,0.91,2026-06-09,15.341308299625139,6.711084819559639
2027,1.5707782060683488,28.501612357825657,Ituri,Mambasa,Okapi Wildlife Reserve,0,0,0,Hansen GFC / GFW / MODIS / VIIRS / GEDI / Sentinel-2,Parametric Change Detection & Spatial Clustering,0.86,2026-06-09,24.672689972915812,9.425570337680398
2028,1.6993146493964808,28.58876818072626,Ituri,Epulu,Okapi Wildlife Reserve,0,0,0,Hansen GFC / GFW / MODIS / VIIRS / GEDI / Sentinel-2,Parametric Change Detection & Spatial Clustering,0.98,2026-06-09,7.2459194977794805,8.574367584208424
2029,1.6722605228615206,28.646495333916683,Ituri,Wamba,Okapi Wildlife Reserve,0,0,0,Hansen GFC / GFW / MODIS / VIIRS / GEDI / Sentinel-2,Parametric Change Detection & Spatial Clustering,0.86,2026-06-09,15.923727503531417,9.455802430038762
2030,1.6833207531357783,28.549964635742494,Ituri,Wamba,Okapi Wildlife Reserve,0,0,0,Hansen GFC / GFW / MODIS / VIIRS / GEDI / Sentinel-2,Parametric Change Detection & Spatial Clustering,0.93,2026-06-09,24.51186050675345,2.239433449398378
